Div,Date,Time,HomeTeam,AwayTeam,FTHG,FTAG,FTR,HTHG,HTAG,HTR,Referee,HS,AS,HST,AST,HF,AF,HC,AC,HY,AY,HR,AR
D1,24/08/2018,0:00:00,Bayern Munich,Hoffenheim,3,1,H,1,0,H,asasd,16,8,5,5,2,21,7,2,1,4,0,0
D1,25/08/2018,0:00:00,Fortuna Dusseldorf,Augsburg,1,2,A,1,0,H,asasd,9,14,5,7,11,10,7,5,1,0,0,0
D1,25/08/2018,0:00:00,Freiburg,Ein Frankfurt,0,2,A,0,1,A,asasd,22,10,6,2,7,12,6,4,1,2,0,0
D1,25/08/2018,0:00:00,Hertha,Nurnberg,1,0,H,1,0,H,asasd,10,12,3,3,13,10,8,4,2,2,0,0
D1,25/08/2018,0:00:00,M'gladbach,Leverkusen,2,0,H,0,0,D,asasd,17,13,7,3,10,10,9,5,1,2,0,0
D1,25/08/2018,0:00:00,Werder Bremen,Hannover,1,1,D,0,0,D,asasd,15,13,3,4,5,6,4,3,0,0,0,0
D1,25/08/2018,0:00:00,Wolfsburg,Schalke 04,2,1,H,1,0,H,asasd,11,9,7,4,16,11,7,2,5,3,0,1
D1,26/08/2018,0:00:00,Dortmund,RB Leipzig,4,1,H,3,1,H,asasd,10,10,5,7,8,11,7,9,2,2,0,0
D1,26/08/2018,0:00:00,Mainz,Stuttgart,1,0,H,0,0,D,asasd,8,12,3,3,15,6,6,3,1,2,0,0
D1,31/08/2018,0:00:00,Hannover,Dortmund,0,0,D,0,0,D,asasd,7,8,0,3,11,5,4,1,0,0,0,0
D1,1/9/2018,0:00:00,Augsburg,M'gladbach,1,1,D,1,0,H,asasd,18,7,7,2,12,12,9,4,1,2,0,0
D1,1/9/2018,0:00:00,Ein Frankfurt,Werder Bremen,1,2,A,0,1,A,asasd,5,11,1,6,6,11,8,3,1,2,1,0
D1,1/9/2018,0:00:00,Hoffenheim,Freiburg,3,1,H,0,1,A,asasd,20,9,7,4,13,14,6,4,1,2,0,0
D1,1/9/2018,0:00:00,Leverkusen,Wolfsburg,1,3,A,1,1,D,asasd,16,12,3,5,13,13,5,3,3,3,0,0
D1,1/9/2018,0:00:00,Nurnberg,Mainz,1,1,D,0,1,A,asasd,19,6,4,1,10,11,5,1,2,2,0,0
D1,1/9/2018,0:00:00,Stuttgart,Bayern Munich,0,3,A,0,1,A,asasd,4,20,0,6,3,5,0,12,0,0,0,0
D1,2/9/2018,0:00:00,RB Leipzig,Fortuna Dusseldorf,1,1,D,0,0,D,asasd,23,14,7,8,11,15,3,3,1,4,0,0
D1,2/9/2018,0:00:00,Schalke 04,Hertha,0,2,A,0,1,A,asasd,16,5,4,3,16,15,9,0,1,1,1,0
D1,14/09/2018,0:00:00,Dortmund,Ein Frankfurt,3,1,H,1,0,H,asasd,10,5,6,2,11,11,7,1,0,1,0,0
D1,15/09/2018,0:00:00,Bayern Munich,Leverkusen,3,1,H,2,1,H,asasd,18,3,5,1,4,12,9,1,0,1,0,1
D1,15/09/2018,0:00:00,Fortuna Dusseldorf,Hoffenheim,2,1,H,1,0,H,asasd,8,18,4,5,10,19,0,9,1,2,0,0
D1,15/09/2018,0:00:00,Mainz,Augsburg,2,1,H,0,0,D,asasd,22,13,7,4,9,16,5,4,1,2,0,0
D1,15/09/2018,0:00:00,M'gladbach,Schalke 04,2,1,H,1,0,H,asasd,15,15,4,6,5,12,6,6,0,4,0,0
D1,15/09/2018,0:00:00,RB Leipzig,Hannover,3,2,H,2,1,H,asasd,15,16,6,8,12,12,4,12,4,4,0,0
D1,15/09/2018,0:00:00,Wolfsburg,Hertha,2,2,D,0,0,D,asasd,15,9,6,5,10,13,7,2,1,2,0,0
D1,16/09/2018,0:00:00,Freiburg,Stuttgart,3,3,D,1,1,D,asasd,12,11,5,6,13,11,5,8,3,4,1,0
D1,16/09/2018,0:00:00,Werder Bremen,Nurnberg,1,1,D,1,0,H,asasd,14,11,2,2,17,5,4,7,2,0,0,0
D1,21/09/2018,0:00:00,Stuttgart,Fortuna Dusseldorf,0,0,D,0,0,D,asasd,10,19,1,7,8,19,2,9,0,2,0,0
D1,22/09/2018,0:00:00,Augsburg,Werder Bremen,2,3,A,1,2,A,asasd,21,12,7,7,10,11,7,4,2,2,0,0
D1,22/09/2018,0:00:00,Hertha,M'gladbach,4,2,H,2,1,H,asasd,16,17,7,4,9,13,8,7,2,2,0,0
D1,22/09/2018,0:00:00,Hoffenheim,Dortmund,1,1,D,1,0,H,asasd,17,8,5,2,12,10,4,4,2,1,0,1
D1,22/09/2018,0:00:00,Nurnberg,Hannover,2,0,H,0,0,D,asasd,14,9,6,3,16,7,9,3,3,1,0,1
D1,22/09/2018,0:00:00,Schalke 04,Bayern Munich,0,2,A,0,1,A,asasd,10,14,2,7,12,11,0,8,2,1,0,0
D1,22/09/2018,0:00:00,Wolfsburg,Freiburg,1,3,A,0,2,A,asasd,17,12,9,8,12,17,7,7,0,3,0,0
D1,23/09/2018,0:00:00,Ein Frankfurt,RB Leipzig,1,1,D,1,0,H,asasd,8,9,5,2,14,8,4,2,1,1,0,0
D1,23/09/2018,0:00:00,Leverkusen,Mainz,1,0,H,0,0,D,asasd,18,12,5,5,12,13,7,4,2,2,0,0
D1,25/09/2018,0:00:00,Bayern Munich,Augsburg,1,1,D,0,0,D,asasd,16,12,8,4,6,15,8,4,3,2,0,0
D1,25/09/2018,0:00:00,Freiburg,Schalke 04,1,0,H,0,0,D,asasd,15,15,4,3,12,11,3,3,2,4,0,0
D1,25/09/2018,0:00:00,Hannover,Hoffenheim,1,3,A,0,1,A,asasd,17,17,8,9,12,13,8,5,2,2,0,0
D1,25/09/2018,0:00:00,Werder Bremen,Hertha,3,1,H,2,0,H,asasd,14,12,6,2,13,9,2,3,1,3,0,0
D1,26/09/2018,0:00:00,Dortmund,Nurnberg,7,0,H,2,0,H,asasd,19,4,10,1,6,10,4,5,0,2,0,0
D1,26/09/2018,0:00:00,Fortuna Dusseldorf,Leverkusen,1,2,A,0,0,D,asasd,16,6,4,3,6,12,7,5,2,2,0,0
D1,26/09/2018,0:00:00,Mainz,Wolfsburg,0,0,D,0,0,D,asasd,11,12,2,4,13,15,5,11,1,2,0,0
D1,26/09/2018,0:00:00,M'gladbach,Ein Frankfurt,3,1,H,0,0,D,asasd,21,12,9,2,7,11,9,6,0,0,0,0
D1,26/09/2018,0:00:00,RB Leipzig,Stuttgart,2,0,H,1,0,H,asasd,18,9,8,0,11,8,4,2,2,3,0,0
D1,28/09/2018,0:00:00,Hertha,Bayern Munich,2,0,H,2,0,H,asasd,6,25,4,5,14,10,1,14,3,1,0,0
D1,29/09/2018,0:00:00,Hoffenheim,RB Leipzig,1,2,A,0,0,D,asasd,13,18,6,7,4,14,4,8,1,3,0,0
D1,29/09/2018,0:00:00,Leverkusen,Dortmund,2,4,A,2,0,H,asasd,14,16,6,10,11,12,6,8,1,1,0,0
D1,29/09/2018,0:00:00,Nurnberg,Fortuna Dusseldorf,3,0,H,1,0,H,asasd,10,13,6,4,10,9,4,4,0,2,0,0
D1,29/09/2018,0:00:00,Schalke 04,Mainz,1,0,H,1,0,H,asasd,15,15,2,5,22,21,4,5,2,2,0,0
D1,29/09/2018,0:00:00,Stuttgart,Werder Bremen,2,1,H,1,0,H,asasd,18,14,5,3,15,14,6,8,3,4,0,1
D1,29/09/2018,0:00:00,Wolfsburg,M'gladbach,2,2,D,1,1,D,asasd,13,10,3,3,6,14,6,3,2,2,0,0
D1,30/09/2018,0:00:00,Augsburg,Freiburg,4,1,H,2,0,H,asasd,21,13,10,6,12,8,5,3,0,1,0,0
D1,30/09/2018,0:00:00,Ein Frankfurt,Hannover,4,1,H,2,0,H,asasd,15,4,7,1,16,11,3,4,1,2,0,0
D1,5/10/2018,0:00:00,Werder Bremen,Wolfsburg,2,0,H,1,0,H,asasd,15,10,5,4,12,13,7,5,1,2,0,0
D1,6/10/2018,0:00:00,Bayern Munich,M'gladbach,0,3,A,0,2,A,asasd,14,7,3,3,7,4,1,3,2,2,0,0
D1,6/10/2018,0:00:00,Dortmund,Augsburg,4,3,H,0,1,A,asasd,20,12,8,6,5,29,9,6,1,7,0,0
D1,6/10/2018,0:00:00,Fortuna Dusseldorf,Schalke 04,0,2,A,0,0,D,asasd,9,15,3,5,17,15,4,6,3,1,0,0
D1,6/10/2018,0:00:00,Hannover,Stuttgart,3,1,H,2,0,H,asasd,15,11,6,5,16,11,5,7,1,2,0,0
D1,6/10/2018,0:00:00,Mainz,Hertha,0,0,D,0,0,D,asasd,23,11,3,1,12,9,5,6,0,2,0,0
D1,7/10/2018,0:00:00,Freiburg,Leverkusen,0,0,D,0,0,D,asasd,7,14,1,0,11,12,3,4,3,1,0,0
D1,7/10/2018,0:00:00,Hoffenheim,Ein Frankfurt,1,2,A,0,1,A,asasd,20,6,4,4,15,16,6,0,2,4,0,1
D1,7/10/2018,0:00:00,RB Leipzig,Nurnberg,6,0,H,4,0,H,asasd,18,3,8,0,11,12,6,1,0,1,0,1
D1,19/10/2018,0:00:00,Ein Frankfurt,Fortuna Dusseldorf,7,1,H,3,0,H,asasd,21,10,13,5,13,12,5,1,0,2,0,0
D1,20/10/2018,0:00:00,Augsburg,RB Leipzig,0,0,D,0,0,D,asasd,6,15,0,3,20,24,2,2,2,5,0,0
D1,20/10/2018,0:00:00,Leverkusen,Hannover,2,2,D,1,1,D,asasd,19,9,7,7,14,18,9,5,1,5,0,1
D1,20/10/2018,0:00:00,Nurnberg,Hoffenheim,1,3,A,1,0,H,asasd,7,20,2,12,8,9,1,7,4,2,0,0
D1,20/10/2018,0:00:00,Schalke 04,Werder Bremen,0,2,A,0,1,A,asasd,14,8,4,3,13,9,3,1,1,4,0,0
D1,20/10/2018,0:00:00,Stuttgart,Dortmund,0,4,A,0,3,A,asasd,13,12,5,4,7,5,10,2,0,0,0,0
D1,20/10/2018,0:00:00,Wolfsburg,Bayern Munich,1,3,A,0,1,A,asasd,8,13,1,11,9,12,2,9,2,4,0,1
D1,21/10/2018,0:00:00,Hertha,Freiburg,1,1,D,1,1,D,asasd,13,8,5,3,12,14,8,3,2,0,0,0
D1,21/10/2018,0:00:00,M'gladbach,Mainz,4,0,H,1,0,H,asasd,16,13,8,4,4,10,4,6,0,2,0,0
D1,26/10/2018,0:00:00,Freiburg,M'gladbach,3,1,H,1,1,D,asasd,13,11,7,2,9,12,3,10,1,1,0,0
D1,27/10/2018,0:00:00,Dortmund,Hertha,2,2,D,1,1,D,asasd,19,10,5,4,7,15,8,2,2,3,0,0
D1,27/10/2018,0:00:00,Fortuna Dusseldorf,Wolfsburg,0,3,A,0,1,A,asasd,8,18,1,6,12,11,4,9,3,6,0,0
D1,27/10/2018,0:00:00,Hannover,Augsburg,1,2,A,0,1,A,asasd,17,9,4,4,15,16,5,4,2,3,0,0
D1,27/10/2018,0:00:00,Hoffenheim,Stuttgart,4,0,H,0,0,D,asasd,22,6,10,0,11,9,6,3,1,1,0,1
D1,27/10/2018,0:00:00,Mainz,Bayern Munich,1,2,A,0,1,A,asasd,6,21,1,5,13,6,2,7,3,1,0,0
D1,28/10/2018,0:00:00,Nurnberg,Ein Frankfurt,1,1,D,0,0,D,asasd,10,10,3,2,11,13,8,6,2,3,0,0
D1,28/10/2018,0:00:00,RB Leipzig,Schalke 04,0,0,D,0,0,D,asasd,15,6,2,0,11,13,7,4,3,2,0,0
D1,28/10/2018,0:00:00,Werder Bremen,Leverkusen,2,6,A,0,3,A,asasd,14,17,6,10,9,8,6,6,2,2,0,0
D1,2/11/2018,0:00:00,Stuttgart,Ein Frankfurt,0,3,A,0,2,A,asasd,10,15,0,7,4,10,1,3,1,2,0,0
D1,3/11/2018,0:00:00,Augsburg,Nurnberg,2,2,D,1,0,H,asasd,17,13,4,5,16,11,6,6,3,3,0,0
D1,3/11/2018,0:00:00,Bayern Munich,Freiburg,1,1,D,0,0,D,asasd,24,10,6,1,9,8,14,2,1,1,0,0
D1,3/11/2018,0:00:00,Hertha,RB Leipzig,0,3,A,0,1,A,asasd,12,25,5,11,6,11,3,7,2,1,0,0
D1,3/11/2018,0:00:00,Leverkusen,Hoffenheim,1,4,A,1,2,A,asasd,21,10,9,4,6,17,6,7,0,2,0,0
D1,3/11/2018,0:00:00,Schalke 04,Hannover,3,1,H,0,0,D,asasd,16,20,6,6,10,10,7,7,2,3,0,0
D1,3/11/2018,0:00:00,Wolfsburg,Dortmund,0,1,A,0,1,A,asasd,13,12,3,1,6,9,6,14,0,2,0,0
D1,4/11/2018,0:00:00,Mainz,Werder Bremen,2,1,H,1,0,H,asasd,13,14,6,4,7,8,3,6,0,2,0,0
D1,4/11/2018,0:00:00,M'gladbach,Fortuna Dusseldorf,3,0,H,0,0,D,asasd,21,13,7,6,15,8,10,4,1,2,0,0
D1,9/11/2018,0:00:00,Hannover,Wolfsburg,2,1,H,1,0,H,asasd,10,19,4,9,14,8,3,5,4,2,0,0
D1,10/11/2018,0:00:00,Dortmund,Bayern Munich,3,2,H,0,1,A,asasd,11,9,5,3,4,8,0,6,3,3,0,0
D1,10/11/2018,0:00:00,Fortuna Dusseldorf,Hertha,4,1,H,0,0,D,asasd,20,11,9,5,15,15,2,6,1,3,0,1
D1,10/11/2018,0:00:00,Freiburg,Mainz,1,3,A,0,2,A,asasd,15,12,4,9,19,10,3,4,1,2,0,0
D1,10/11/2018,0:00:00,Hoffenheim,Augsburg,2,1,H,0,0,D,asasd,18,22,7,7,14,6,6,6,1,1,0,0
D1,10/11/2018,0:00:00,Nurnberg,Stuttgart,0,2,A,0,0,D,asasd,10,13,3,4,14,10,3,9,1,0,0,0
D1,10/11/2018,0:00:00,Werder Bremen,M'gladbach,1,3,A,0,1,A,asasd,20,16,5,6,7,2,9,5,0,0,0,0
D1,11/11/2018,0:00:00,Ein Frankfurt,Schalke 04,3,0,H,0,0,D,asasd,14,5,4,1,7,13,10,4,0,2,0,0
D1,11/11/2018,0:00:00,RB Leipzig,Leverkusen,3,0,H,1,0,H,asasd,14,7,7,2,12,12,4,3,0,1,0,0
D1,23/11/2018,0:00:00,Leverkusen,Stuttgart,2,0,H,0,0,D,asasd,17,10,4,2,13,8,6,9,3,3,0,0
D1,24/11/2018,0:00:00,Augsburg,Ein Frankfurt,1,3,A,0,1,A,asasd,25,15,10,7,3,12,8,5,1,2,0,0
D1,24/11/2018,0:00:00,Bayern Munich,Fortuna Dusseldorf,3,3,D,2,1,H,asasd,17,9,5,5,4,7,9,2,0,1,0,0
D1,24/11/2018,0:00:00,Hertha,Hoffenheim,3,3,D,1,2,A,asasd,23,13,8,6,9,13,8,5,1,2,0,0
D1,24/11/2018,0:00:00,Mainz,Dortmund,1,2,A,0,0,D,asasd,15,11,7,7,9,11,6,5,2,1,0,0
D1,24/11/2018,0:00:00,Schalke 04,Nurnberg,5,2,H,2,1,H,asasd,20,12,10,6,7,12,7,2,1,2,0,1
D1,24/11/2018,0:00:00,Wolfsburg,RB Leipzig,1,0,H,0,0,D,asasd,5,10,3,4,10,13,2,9,1,2,0,0
D1,25/11/2018,0:00:00,Freiburg,Werder Bremen,1,1,D,1,0,H,asasd,23,19,9,8,6,10,6,3,0,2,0,0
D1,25/11/2018,0:00:00,M'gladbach,Hannover,4,1,H,2,1,H,asasd,20,5,6,3,8,10,5,5,1,1,0,0
D1,30/11/2018,0:00:00,Fortuna Dusseldorf,Mainz,0,1,A,0,0,D,asasd,20,15,7,3,8,7,12,5,1,1,0,0
D1,1/12/2018,0:00:00,Dortmund,Freiburg,2,0,H,1,0,H,asasd,11,5,4,1,6,11,2,3,1,1,0,0
D1,1/12/2018,0:00:00,Hannover,Hertha,0,2,A,0,1,A,asasd,10,14,2,8,9,14,3,6,2,3,0,0
D1,1/12/2018,0:00:00,Hoffenheim,Schalke 04,1,1,D,0,0,D,asasd,20,13,7,5,11,13,4,10,3,3,0,0
D1,1/12/2018,0:00:00,Stuttgart,Augsburg,1,0,H,1,0,H,asasd,13,17,3,4,11,10,3,8,4,2,0,0
D1,1/12/2018,0:00:00,Werder Bremen,Bayern Munich,1,2,A,1,1,D,asasd,9,16,3,5,13,8,3,10,3,2,1,0
D1,2/12/2018,0:00:00,Ein Frankfurt,Wolfsburg,1,2,A,0,1,A,asasd,13,10,2,3,10,9,9,3,3,7,0,0
D1,2/12/2018,0:00:00,RB Leipzig,M'gladbach,2,0,H,2,0,H,asasd,14,7,6,4,9,9,5,4,2,2,0,0
D1,3/12/2018,0:00:00,Nurnberg,Leverkusen,1,1,D,0,1,A,asasd,11,20,4,6,14,10,3,6,3,2,0,0
D1,7/12/2018,0:00:00,Werder Bremen,Fortuna Dusseldorf,3,1,H,1,1,D,asasd,22,12,9,3,13,18,6,4,3,4,0,0
D1,8/12/2018,0:00:00,Bayern Munich,Nurnberg,3,0,H,2,0,H,asasd,20,4,8,1,9,6,11,1,1,0,0,0
D1,8/12/2018,0:00:00,Freiburg,RB Leipzig,3,0,H,2,0,H,asasd,12,15,9,4,9,16,3,12,1,2,0,0
D1,8/12/2018,0:00:00,Hertha,Ein Frankfurt,1,0,H,1,0,H,asasd,7,18,4,4,15,14,5,9,1,0,0,0
D1,8/12/2018,0:00:00,Leverkusen,Augsburg,1,0,H,0,0,D,asasd,21,13,7,1,11,17,4,2,1,2,0,0
D1,8/12/2018,0:00:00,Schalke 04,Dortmund,1,2,A,0,1,A,asasd,6,10,3,3,12,9,3,1,4,3,0,0
D1,8/12/2018,0:00:00,Wolfsburg,Hoffenheim,2,2,D,2,1,H,asasd,10,19,3,6,9,9,6,4,1,2,0,0
D1,9/12/2018,0:00:00,Mainz,Hannover,1,1,D,0,1,A,asasd,28,11,5,3,12,9,9,1,4,3,0,1
D1,9/12/2018,0:00:00,M'gladbach,Stuttgart,3,0,H,0,0,D,asasd,23,7,7,2,7,12,7,4,2,4,0,1
D1,14/12/2018,0:00:00,Nurnberg,Wolfsburg,0,2,A,0,0,D,asasd,11,10,0,4,13,13,6,3,2,1,0,0
D1,15/12/2018,0:00:00,Augsburg,Schalke 04,1,1,D,1,0,H,asasd,17,15,9,5,17,8,6,7,2,1,0,0
D1,15/12/2018,0:00:00,Dortmund,Werder Bremen,2,1,H,2,1,H,asasd,16,9,9,5,11,14,4,10,1,4,0,0
D1,15/12/2018,0:00:00,Fortuna Dusseldorf,Freiburg,2,0,H,0,0,D,asasd,20,6,8,2,13,9,4,1,2,1,0,0
D1,15/12/2018,0:00:00,Hannover,Bayern Munich,0,4,A,0,2,A,asasd,3,32,0,14,9,5,0,14,1,0,0,0
D1,15/12/2018,0:00:00,Hoffenheim,M'gladbach,0,0,D,0,0,D,asasd,27,5,6,1,9,10,6,2,0,2,0,0
D1,15/12/2018,0:00:00,Stuttgart,Hertha,2,1,H,0,1,A,asasd,9,15,4,3,11,13,5,5,1,3,0,0
D1,16/12/2018,0:00:00,Ein Frankfurt,Leverkusen,2,1,H,1,0,H,asasd,17,12,7,6,9,8,10,7,6,2,0,0
D1,16/12/2018,0:00:00,RB Leipzig,Mainz,4,1,H,2,1,H,asasd,17,11,7,5,9,13,6,2,3,3,0,0
D1,18/12/2018,0:00:00,Fortuna Dusseldorf,Dortmund,2,1,H,1,0,H,asasd,8,11,3,3,8,13,2,2,1,2,0,0
D1,18/12/2018,0:00:00,Hertha,Augsburg,2,2,D,2,2,D,asasd,17,8,7,2,17,13,3,2,1,0,0,0
D1,18/12/2018,0:00:00,M'gladbach,Nurnberg,2,0,H,0,0,D,asasd,17,7,7,2,5,19,6,7,2,3,0,0
D1,18/12/2018,0:00:00,Wolfsburg,Stuttgart,2,0,H,2,0,H,asasd,16,11,5,1,10,17,4,8,1,2,0,0
D1,19/12/2018,0:00:00,Bayern Munich,RB Leipzig,1,0,H,0,0,D,asasd,10,8,4,2,9,20,5,5,2,2,1,1
D1,19/12/2018,0:00:00,Freiburg,Hannover,1,1,D,1,1,D,asasd,14,18,7,3,13,14,5,2,0,2,0,0
D1,19/12/2018,0:00:00,Mainz,Ein Frankfurt,2,2,D,2,2,D,asasd,17,12,6,4,13,15,3,2,3,3,0,0
D1,19/12/2018,0:00:00,Schalke 04,Leverkusen,1,2,A,1,2,A,asasd,18,8,4,5,14,19,7,1,4,4,0,0
D1,19/12/2018,0:00:00,Werder Bremen,Hoffenheim,1,1,D,0,1,A,asasd,26,14,5,4,7,13,6,3,0,1,0,0
D1,21/12/2018,0:00:00,Dortmund,M'gladbach,2,1,H,1,1,D,asasd,12,3,4,2,5,12,4,2,0,1,0,0
D1,22/12/2018,0:00:00,Ein Frankfurt,Bayern Munich,0,3,A,0,1,A,asasd,10,9,3,7,9,4,3,4,2,1,0,0
D1,22/12/2018,0:00:00,Hannover,Fortuna Dusseldorf,0,1,A,0,0,D,asasd,17,13,3,6,14,19,4,6,2,3,0,0
D1,22/12/2018,0:00:00,Leverkusen,Hertha,3,1,H,2,1,H,asasd,15,13,7,8,3,12,4,5,0,1,0,0
D1,22/12/2018,0:00:00,Nurnberg,Freiburg,0,1,A,0,1,A,asasd,16,7,3,3,16,16,12,3,2,3,0,0
D1,22/12/2018,0:00:00,RB Leipzig,Werder Bremen,3,2,H,2,0,H,asasd,11,15,5,6,15,9,4,4,2,0,0,0
D1,22/12/2018,0:00:00,Stuttgart,Schalke 04,1,3,A,0,1,A,asasd,17,15,5,6,9,17,2,5,3,5,0,0
D1,23/12/2018,0:00:00,Augsburg,Wolfsburg,2,3,A,0,2,A,asasd,10,16,4,5,12,11,3,4,2,3,0,0
D1,23/12/2018,0:00:00,Hoffenheim,Mainz,1,1,D,1,1,D,asasd,28,12,7,5,11,10,9,2,1,0,0,0
D1,18/01/2019,0:00:00,Hoffenheim,Bayern Munich,1,3,A,0,2,A,asasd,13,21,5,9,13,9,2,6,3,2,0,0
D1,19/01/2019,0:00:00,Augsburg,Fortuna Dusseldorf,1,2,A,0,1,A,asasd,13,11,6,3,13,9,5,3,3,1,0,0
D1,19/01/2019,0:00:00,Ein Frankfurt,Freiburg,3,1,H,3,0,H,asasd,9,21,4,7,13,8,5,5,2,1,0,0
D1,19/01/2019,0:00:00,Hannover,Werder Bremen,0,1,A,0,1,A,asasd,10,23,1,13,17,19,7,8,3,1,0,0
D1,19/01/2019,0:00:00,Leverkusen,M'gladbach,0,1,A,0,1,A,asasd,22,7,10,3,9,14,10,3,1,2,0,0
D1,19/01/2019,0:00:00,RB Leipzig,Dortmund,0,1,A,0,1,A,asasd,12,8,5,4,12,9,6,7,3,2,0,0
D1,19/01/2019,0:00:00,Stuttgart,Mainz,2,3,A,0,2,A,asasd,28,14,8,4,9,16,13,8,2,2,0,0
D1,20/01/2019,0:00:00,Nurnberg,Hertha,1,3,A,1,1,D,asasd,14,16,3,8,13,9,4,4,2,1,0,0
D1,20/01/2019,0:00:00,Schalke 04,Wolfsburg,2,1,H,1,1,D,asasd,20,12,5,5,11,5,4,6,1,0,0,0
D1,25/01/2019,0:00:00,Hertha,Schalke 04,2,2,D,2,2,D,asasd,11,14,4,7,15,10,3,6,2,1,0,0
D1,26/01/2019,0:00:00,Dortmund,Hannover,5,1,H,1,0,H,asasd,18,11,9,3,7,10,6,3,1,1,0,0
D1,26/01/2019,0:00:00,Freiburg,Hoffenheim,2,4,A,1,1,D,asasd,20,16,8,11,17,14,6,1,0,2,0,0
D1,26/01/2019,0:00:00,Mainz,Nurnberg,2,1,H,1,1,D,asasd,20,8,4,3,12,16,5,5,3,1,0,0
D1,26/01/2019,0:00:00,M'gladbach,Augsburg,2,0,H,0,0,D,asasd,14,4,6,1,9,15,4,0,2,4,0,0
D1,26/01/2019,0:00:00,Werder Bremen,Ein Frankfurt,2,2,D,1,1,D,asasd,18,8,9,4,11,10,8,3,4,2,0,0
D1,26/01/2019,0:00:00,Wolfsburg,Leverkusen,0,3,A,0,1,A,asasd,10,23,4,14,10,14,5,6,5,3,0,0
D1,27/01/2019,0:00:00,Bayern Munich,Stuttgart,4,1,H,1,1,D,asasd,19,7,6,2,9,9,8,1,1,1,0,0
D1,27/01/2019,0:00:00,Fortuna Dusseldorf,RB Leipzig,0,4,A,0,3,A,asasd,10,12,0,9,11,11,8,2,1,0,0,0
D1,1/2/2019,0:00:00,Hannover,RB Leipzig,0,3,A,0,1,A,asasd,5,19,1,8,14,17,0,7,2,2,0,0
D1,2/2/2019,0:00:00,Ein Frankfurt,Dortmund,1,1,D,1,1,D,asasd,12,13,7,4,15,6,6,4,2,2,0,0
D1,2/2/2019,0:00:00,Hertha,Wolfsburg,0,1,A,0,0,D,asasd,11,8,4,4,19,12,3,7,3,1,0,0
D1,2/2/2019,0:00:00,Hoffenheim,Fortuna Dusseldorf,1,1,D,1,0,H,asasd,12,8,4,6,22,12,5,5,3,4,0,0
D1,2/2/2019,0:00:00,Leverkusen,Bayern Munich,3,1,H,0,1,A,asasd,11,17,4,6,13,13,7,4,3,2,0,0
D1,2/2/2019,0:00:00,Nurnberg,Werder Bremen,1,1,D,0,0,D,asasd,11,10,2,3,17,17,3,7,4,1,0,0
D1,2/2/2019,0:00:00,Schalke 04,M'gladbach,0,2,A,0,0,D,asasd,9,16,1,9,9,8,1,6,1,2,1,0
D1,3/2/2019,0:00:00,Augsburg,Mainz,3,0,H,2,0,H,asasd,19,6,8,0,18,10,7,3,0,1,0,0
D1,3/2/2019,0:00:00,Stuttgart,Freiburg,2,2,D,0,1,A,asasd,17,16,4,4,8,9,7,8,5,0,1,0
D1,8/2/2019,0:00:00,Mainz,Leverkusen,1,5,A,1,4,A,asasd,15,18,2,7,13,5,4,4,3,1,0,0
D1,9/2/2019,0:00:00,Bayern Munich,Schalke 04,3,1,H,2,1,H,asasd,17,7,4,5,8,9,7,2,1,2,0,0
D1,9/2/2019,0:00:00,Dortmund,Hoffenheim,3,3,D,2,0,H,asasd,16,14,7,6,7,14,7,8,0,3,0,0
D1,9/2/2019,0:00:00,Freiburg,Wolfsburg,3,3,D,1,1,D,asasd,10,15,4,4,15,10,9,2,3,2,0,0
D1,9/2/2019,0:00:00,Hannover,Nurnberg,2,0,H,1,0,H,asasd,18,9,8,1,16,16,4,4,2,2,0,1
D1,9/2/2019,0:00:00,M'gladbach,Hertha,0,3,A,0,1,A,asasd,13,11,4,4,7,11,5,5,0,2,0,0
D1,9/2/2019,0:00:00,RB Leipzig,Ein Frankfurt,0,0,D,0,0,D,asasd,14,6,1,2,9,10,7,4,4,2,0,0
D1,10/2/2019,0:00:00,Fortuna Dusseldorf,Stuttgart,3,0,H,1,0,H,asasd,15,15,6,2,18,8,5,4,3,4,0,1
D1,10/2/2019,0:00:00,Werder Bremen,Augsburg,4,0,H,3,0,H,asasd,11,13,5,3,5,12,3,2,0,1,0,0
D1,15/02/2019,0:00:00,Augsburg,Bayern Munich,2,3,A,2,2,D,asasd,8,17,2,8,13,12,1,9,1,2,0,0
D1,16/02/2019,0:00:00,Hertha,Werder Bremen,1,1,D,1,0,H,asasd,11,8,2,2,16,11,4,3,3,3,0,0
D1,16/02/2019,0:00:00,Hoffenheim,Hannover,3,0,H,2,0,H,asasd,26,5,11,1,15,6,10,6,0,1,0,0
D1,16/02/2019,0:00:00,Schalke 04,Freiburg,0,0,D,0,0,D,asasd,15,12,2,3,10,13,4,9,0,4,1,1
D1,16/02/2019,0:00:00,Stuttgart,RB Leipzig,1,3,A,1,1,D,asasd,7,7,3,4,18,11,5,4,1,1,0,0
D1,16/02/2019,0:00:00,Wolfsburg,Mainz,3,0,H,1,0,H,asasd,16,12,6,4,6,11,4,7,1,1,0,0
D1,17/02/2019,0:00:00,Ein Frankfurt,M'gladbach,1,1,D,1,0,H,asasd,12,14,3,5,12,8,8,7,3,1,0,0
D1,17/02/2019,0:00:00,Leverkusen,Fortuna Dusseldorf,2,0,H,1,0,H,asasd,13,3,7,0,6,11,5,4,1,3,0,0
D1,18/02/2019,0:00:00,Nurnberg,Dortmund,0,0,D,0,0,D,asasd,7,17,2,6,8,9,3,11,1,1,0,0
D1,22/02/2019,0:00:00,Werder Bremen,Stuttgart,1,1,D,1,1,D,asasd,15,8,4,3,7,9,4,2,1,3,0,0
D1,23/02/2019,0:00:00,Bayern Munich,Hertha,1,0,H,0,0,D,asasd,12,9,4,2,12,6,11,3,2,0,0,1
D1,23/02/2019,0:00:00,Fortuna Dusseldorf,Nurnberg,2,1,H,0,1,A,asasd,19,5,7,2,14,7,7,3,3,4,0,1
D1,23/02/2019,0:00:00,Freiburg,Augsburg,5,1,H,3,0,H,asasd,19,14,11,4,13,16,8,1,0,3,0,1
D1,23/02/2019,0:00:00,Mainz,Schalke 04,3,0,H,1,0,H,asasd,21,10,6,3,10,15,1,3,4,2,0,0
D1,23/02/2019,0:00:00,M'gladbach,Wolfsburg,0,3,A,0,1,A,asasd,15,5,5,3,14,11,12,1,2,1,0,0
D1,24/02/2019,0:00:00,Dortmund,Leverkusen,3,2,H,2,1,H,asasd,9,13,4,4,10,9,3,8,1,2,0,0
D1,24/02/2019,0:00:00,Hannover,Ein Frankfurt,0,3,A,0,0,D,asasd,11,14,3,8,11,12,3,5,1,1,0,0
D1,25/02/2019,0:00:00,RB Leipzig,Hoffenheim,1,1,D,0,1,A,asasd,15,7,4,4,16,21,6,4,0,1,0,0
D1,1/3/2019,0:00:00,Augsburg,Dortmund,2,1,H,1,0,H,asasd,9,18,4,8,15,11,1,4,1,2,0,0
D1,2/3/2019,0:00:00,Ein Frankfurt,Hoffenheim,3,2,H,1,1,D,asasd,18,20,10,7,8,16,4,3,0,3,0,1
D1,2/3/2019,0:00:00,Hertha,Mainz,2,1,H,0,0,D,asasd,11,13,4,1,13,10,4,1,0,2,0,0
D1,2/3/2019,0:00:00,Leverkusen,Freiburg,2,0,H,1,0,H,asasd,17,8,5,3,11,7,7,2,0,0,0,0
D1,2/3/2019,0:00:00,M'gladbach,Bayern Munich,1,5,A,1,2,A,asasd,11,19,2,14,6,11,1,9,2,2,0,0
D1,2/3/2019,0:00:00,Nurnberg,RB Leipzig,0,1,A,0,1,A,asasd,7,12,1,5,8,17,5,8,2,3,0,0
D1,2/3/2019,0:00:00,Schalke 04,Fortuna Dusseldorf,0,4,A,0,1,A,asasd,7,13,2,5,16,16,1,1,4,2,0,0
D1,3/3/2019,0:00:00,Stuttgart,Hannover,5,1,H,3,0,H,asasd,14,3,8,1,15,16,7,0,2,2,0,0
D1,3/3/2019,0:00:00,Wolfsburg,Werder Bremen,1,1,D,0,0,D,asasd,13,12,5,3,8,22,6,4,0,2,0,0
D1,8/3/2019,0:00:00,Werder Bremen,Schalke 04,4,2,H,1,1,D,asasd,20,14,7,8,17,10,4,5,2,1,0,0
D1,9/3/2019,0:00:00,Bayern Munich,Wolfsburg,6,0,H,2,0,H,asasd,22,4,12,1,9,6,7,2,0,1,0,0
D1,9/3/2019,0:00:00,Dortmund,Stuttgart,3,1,H,0,0,D,asasd,18,7,8,1,6,10,7,1,3,3,0,0
D1,9/3/2019,0:00:00,Freiburg,Hertha,2,1,H,1,0,H,asasd,10,16,4,6,10,14,3,6,1,3,0,0
D1,9/3/2019,0:00:00,Mainz,M'gladbach,0,1,A,0,0,D,asasd,15,11,2,4,12,4,2,6,2,0,0,0
D1,9/3/2019,0:00:00,RB Leipzig,Augsburg,0,0,D,0,0,D,asasd,17,5,4,3,13,9,7,4,1,1,0,0
D1,10/3/2019,0:00:00,Hannover,Leverkusen,2,3,A,0,2,A,asasd,11,15,5,5,14,15,6,6,3,1,0,0
D1,10/3/2019,0:00:00,Hoffenheim,Nurnberg,2,1,H,1,0,H,asasd,18,11,6,5,10,7,8,3,3,2,0,0
D1,11/3/2019,0:00:00,Fortuna Dusseldorf,Ein Frankfurt,0,3,A,0,0,D,asasd,7,15,3,6,9,14,1,5,1,2,0,0
D1,15/03/2019,0:00:00,M'gladbach,Freiburg,1,1,D,1,1,D,asasd,13,10,2,2,10,13,10,6,0,3,0,0
D1,16/03/2019,0:00:00,Augsburg,Hannover,3,1,H,0,1,A,asasd,22,13,10,4,11,10,2,3,1,4,0,0
D1,16/03/2019,0:00:00,Hertha,Dortmund,2,3,A,2,1,H,asasd,7,25,4,8,10,5,4,10,3,3,2,0
D1,16/03/2019,0:00:00,Schalke 04,RB Leipzig,0,1,A,0,1,A,asasd,14,15,3,4,12,16,0,6,1,1,0,0
D1,16/03/2019,0:00:00,Stuttgart,Hoffenheim,1,1,D,0,1,A,asasd,13,21,2,8,10,15,4,9,4,2,0,0
D1,16/03/2019,0:00:00,Wolfsburg,Fortuna Dusseldorf,5,2,H,1,1,D,asasd,19,18,10,6,15,9,7,5,1,1,0,0
D1,17/03/2019,0:00:00,Bayern Munich,Mainz,6,0,H,3,0,H,asasd,22,7,11,1,7,5,13,2,1,0,0,0
D1,17/03/2019,0:00:00,Ein Frankfurt,Nurnberg,1,0,H,1,0,H,asasd,24,9,4,3,4,13,8,3,0,2,0,0
D1,17/03/2019,0:00:00,Leverkusen,Werder Bremen,1,3,A,0,2,A,asasd,15,10,2,5,8,11,10,3,3,2,0,0
D1,29/03/2019,0:00:00,Hoffenheim,Leverkusen,4,1,H,1,1,D,asasd,13,18,5,6,8,6,4,7,2,2,0,0
D1,30/03/2019,0:00:00,Dortmund,Wolfsburg,2,0,H,0,0,D,asasd,11,7,5,3,11,13,5,4,0,3,0,0
D1,30/03/2019,0:00:00,Fortuna Dusseldorf,M'gladbach,3,1,H,3,0,H,asasd,8,13,4,6,14,13,1,2,2,3,0,0
D1,30/03/2019,0:00:00,Freiburg,Bayern Munich,1,1,D,1,1,D,asasd,12,26,5,8,8,9,1,7,3,1,0,0
D1,30/03/2019,0:00:00,Nurnberg,Augsburg,3,0,H,0,0,D,asasd,12,14,4,3,8,12,4,4,1,3,0,0
D1,30/03/2019,0:00:00,RB Leipzig,Hertha,5,0,H,2,0,H,asasd,21,6,9,0,7,6,6,3,1,1,0,0
D1,30/03/2019,0:00:00,Werder Bremen,Mainz,3,1,H,2,0,H,asasd,8,12,4,5,11,9,7,8,0,1,0,0
D1,31/03/2019,0:00:00,Ein Frankfurt,Stuttgart,3,0,H,1,0,H,asasd,11,10,5,3,13,10,5,5,2,1,0,0
D1,31/03/2019,0:00:00,Hannover,Schalke 04,0,1,A,0,1,A,asasd,15,6,3,3,16,17,8,2,1,1,0,0
D1,5/4/2019,0:00:00,Mainz,Freiburg,5,0,H,3,0,H,asasd,9,17,5,5,17,7,2,7,3,1,0,0
D1,6/4/2019,0:00:00,Bayern Munich,Dortmund,5,0,H,4,0,H,asasd,22,5,10,1,9,12,11,1,1,2,0,0
D1,6/4/2019,0:00:00,Hertha,Fortuna Dusseldorf,1,2,A,1,1,D,asasd,13,13,3,7,18,11,2,6,2,1,0,0
D1,6/4/2019,0:00:00,Leverkusen,RB Leipzig,2,4,A,2,1,H,asasd,11,8,4,4,10,12,6,2,2,1,0,0
D1,6/4/2019,0:00:00,Schalke 04,Ein Frankfurt,1,2,A,1,1,D,asasd,6,16,4,5,16,8,3,6,5,1,1,0
D1,6/4/2019,0:00:00,Stuttgart,Nurnberg,1,1,D,0,1,A,asasd,14,19,4,6,8,11,12,5,1,3,0,0
D1,6/4/2019,0:00:00,Wolfsburg,Hannover,3,1,H,1,1,D,asasd,13,11,5,4,9,11,9,2,1,2,0,0
D1,7/4/2019,0:00:00,Augsburg,Hoffenheim,0,4,A,0,1,A,asasd,8,18,0,9,9,10,4,3,1,1,0,0
D1,7/4/2019,0:00:00,M'gladbach,Werder Bremen,1,1,D,0,0,D,asasd,15,12,3,6,7,6,7,1,2,2,0,0
D1,12/4/2019,0:00:00,Nurnberg,Schalke 04,1,1,D,0,0,D,asasd,17,16,6,2,12,13,11,9,1,2,0,0
D1,13/04/2019,0:00:00,Dortmund,Mainz,2,1,H,2,0,H,asasd,11,17,7,9,10,6,4,4,0,1,0,0
D1,13/04/2019,0:00:00,Hannover,M'gladbach,0,1,A,0,0,D,asasd,12,18,5,9,10,8,3,12,0,0,0,0
D1,13/04/2019,0:00:00,RB Leipzig,Wolfsburg,2,0,H,2,0,H,asasd,21,6,10,2,19,12,9,3,1,1,0,0
D1,13/04/2019,0:00:00,Stuttgart,Leverkusen,0,1,A,0,0,D,asasd,13,18,5,5,13,11,7,6,1,0,1,0
D1,13/04/2019,0:00:00,Werder Bremen,Freiburg,2,1,H,0,0,D,asasd,17,9,7,5,18,7,7,3,1,3,0,0
D1,14/04/2019,0:00:00,Ein Frankfurt,Augsburg,1,3,A,1,2,A,asasd,17,18,4,6,17,9,8,2,3,1,1,0
D1,14/04/2019,0:00:00,Fortuna Dusseldorf,Bayern Munich,1,4,A,0,2,A,asasd,7,21,2,10,11,8,2,6,1,0,0,0
D1,14/04/2019,0:00:00,Hoffenheim,Hertha,2,0,H,1,0,H,asasd,30,5,7,2,8,16,9,3,1,0,0,0
D1,20/04/2019,0:00:00,Augsburg,Stuttgart,6,0,H,3,0,H,asasd,24,14,13,4,13,6,9,4,0,0,0,0
D1,20/04/2019,0:00:00,Bayern Munich,Werder Bremen,1,0,H,0,0,D,asasd,28,3,7,0,10,12,14,3,0,2,0,1
D1,20/04/2019,0:00:00,Leverkusen,Nurnberg,2,0,H,0,0,D,asasd,20,5,9,1,11,7,11,1,0,0,0,0
D1,20/04/2019,0:00:00,Mainz,Fortuna Dusseldorf,3,1,H,1,1,D,asasd,21,17,5,7,10,14,3,7,0,3,0,0
D1,20/04/2019,0:00:00,M'gladbach,RB Leipzig,1,2,A,0,1,A,asasd,14,14,4,4,13,14,2,4,0,2,0,0
D1,20/04/2019,0:00:00,Schalke 04,Hoffenheim,2,5,A,0,2,A,asasd,15,11,5,6,13,15,6,1,2,3,0,0
D1,21/04/2019,0:00:00,Freiburg,Dortmund,0,4,A,0,1,A,asasd,9,10,2,6,10,6,5,3,2,0,0,0
D1,21/04/2019,0:00:00,Hertha,Hannover,0,0,D,0,0,D,asasd,16,13,3,5,13,9,5,8,4,1,0,0
D1,22/04/2019,0:00:00,Wolfsburg,Ein Frankfurt,1,1,D,0,0,D,asasd,21,12,8,3,10,8,13,6,2,3,0,0
D1,26/04/2019,0:00:00,Augsburg,Leverkusen,1,4,A,1,1,D,asasd,8,13,2,7,11,8,3,3,1,0,0,0
D1,27/04/2019,0:00:00,Dortmund,Schalke 04,2,4,A,1,2,A,asasd,8,8,2,4,9,18,2,4,0,6,2,0
D1,27/04/2019,0:00:00,Ein Frankfurt,Hertha,0,0,D,0,0,D,asasd,10,10,4,3,13,15,2,4,0,5,0,1
D1,27/04/2019,0:00:00,Fortuna Dusseldorf,Werder Bremen,4,1,H,2,1,H,asasd,13,18,6,9,10,13,4,9,1,3,0,0
D1,27/04/2019,0:00:00,Hannover,Mainz,1,0,H,0,0,D,asasd,7,23,3,4,10,14,4,7,2,1,0,0
D1,27/04/2019,0:00:00,RB Leipzig,Freiburg,2,1,H,1,0,H,asasd,15,14,4,8,15,15,5,4,3,5,0,0
D1,27/04/2019,0:00:00,Stuttgart,M'gladbach,1,0,H,0,0,D,asasd,13,17,6,4,18,8,2,7,2,1,0,0
D1,28/04/2019,0:00:00,Hoffenheim,Wolfsburg,1,4,A,1,1,D,asasd,19,22,7,10,13,9,9,3,2,2,0,0
D1,28/04/2019,0:00:00,Nurnberg,Bayern Munich,1,1,D,0,0,D,asasd,9,18,4,6,11,8,5,5,1,2,0,0
D1,3/5/2019,0:00:00,Mainz,RB Leipzig,3,3,D,1,2,A,asasd,14,15,6,5,14,12,6,4,1,1,0,0
D1,4/5/2019,0:00:00,Bayern Munich,Hannover,3,1,H,2,0,H,asasd,27,2,14,1,9,5,11,0,0,3,0,1
D1,4/5/2019,0:00:00,Hertha,Stuttgart,3,1,H,2,0,H,asasd,11,14,6,1,13,17,2,5,1,1,0,0
D1,4/5/2019,0:00:00,M'gladbach,Hoffenheim,2,2,D,0,1,A,asasd,10,26,5,9,10,18,2,7,2,4,0,0
D1,4/5/2019,0:00:00,Werder Bremen,Dortmund,2,2,D,0,2,A,asasd,14,21,4,8,17,7,4,8,2,1,0,0
D1,4/5/2019,0:00:00,Wolfsburg,Nurnberg,2,0,H,1,0,H,asasd,10,12,4,3,8,12,4,5,0,0,0,0
D1,5/5/2019,0:00:00,Freiburg,Fortuna Dusseldorf,1,1,D,1,1,D,asasd,9,16,3,3,12,11,5,4,2,3,1,0
D1,5/5/2019,0:00:00,Leverkusen,Ein Frankfurt,6,1,H,6,1,H,asasd,17,4,11,2,3,11,1,4,0,3,0,0
D1,5/5/2019,0:00:00,Schalke 04,Augsburg,0,0,D,0,0,D,asasd,14,7,3,3,4,7,7,4,1,0,0,0
D1,11/5/2019,0:00:00,Augsburg,Hertha,3,4,A,1,0,H,asasd,5,24,3,8,11,4,1,9,0,1,0,0
D1,11/5/2019,0:00:00,Dortmund,Fortuna Dusseldorf,3,2,H,1,0,H,asasd,15,8,5,3,11,12,2,4,1,0,0,1
D1,11/5/2019,0:00:00,Hannover,Freiburg,3,0,H,1,0,H,asasd,18,5,6,1,15,12,5,3,0,2,0,0
D1,11/5/2019,0:00:00,Hoffenheim,Werder Bremen,0,1,A,0,1,A,asasd,19,11,3,6,16,10,1,4,3,4,0,0
D1,11/5/2019,0:00:00,Leverkusen,Schalke 04,1,1,D,1,0,H,asasd,18,8,5,3,10,10,4,4,2,1,0,0
D1,11/5/2019,0:00:00,Nurnberg,M'gladbach,0,4,A,0,0,D,asasd,12,16,2,5,4,14,1,5,0,2,0,0
D1,11/5/2019,0:00:00,RB Leipzig,Bayern Munich,0,0,D,0,0,D,asasd,10,11,3,5,11,9,1,6,0,2,0,0
D1,11/5/2019,0:00:00,Stuttgart,Wolfsburg,3,0,H,1,0,H,asasd,11,8,4,2,14,10,4,3,1,2,0,0
D1,12/5/2019,0:00:00,Ein Frankfurt,Mainz,0,2,A,0,0,D,asasd,13,15,4,4,10,20,9,6,1,1,0,0
D1,18/05/2019,0:00:00,Bayern Munich,Ein Frankfurt,5,1,H,1,0,H,asasd,23,6,14,2,7,13,5,3,2,2,0,0
D1,18/05/2019,0:00:00,Fortuna Dusseldorf,Hannover,2,1,H,0,0,D,asasd,15,14,7,3,13,9,2,7,2,1,0,0
D1,18/05/2019,0:00:00,Freiburg,Nurnberg,5,1,H,2,0,H,asasd,18,14,8,5,15,9,4,2,2,1,0,0
D1,18/05/2019,0:00:00,Hertha,Leverkusen,1,5,A,1,2,A,asasd,9,13,4,8,10,14,4,3,1,1,0,0
D1,18/05/2019,0:00:00,Mainz,Hoffenheim,4,2,H,0,2,A,asasd,22,19,12,7,17,9,8,5,2,4,0,1
D1,18/05/2019,0:00:00,M'gladbach,Dortmund,0,2,A,0,1,A,asasd,7,12,0,3,8,6,2,2,1,1,0,0
D1,18/05/2019,0:00:00,Schalke 04,Stuttgart,0,0,D,0,0,D,asasd,12,16,3,8,10,8,7,5,0,1,0,0
D1,18/05/2019,0:00:00,Werder Bremen,RB Leipzig,2,1,H,1,0,H,asasd,6,10,3,3,16,12,3,9,2,2,0,0
D1,18/05/2019,0:00:00,Wolfsburg,Augsburg,8,1,H,3,0,H,asasd,18,12,10,4,5,11,6,5,0,2,0,0
D1,16/08/2019,19:30,Bayern Munich,Hertha,2,2,D,1,2,A,asasd,17,6,7,3,6,17,12,0,3,3,0,0
D1,17/08/2019,14:30,Dortmund,Augsburg,5,1,H,1,1,D,asasd,23,5,10,1,8,6,10,0,0,0,0,0
D1,17/08/2019,14:30,Freiburg,Mainz,3,0,H,0,0,D,asasd,19,19,8,5,6,15,5,5,1,3,0,0
D1,17/08/2019,14:30,Leverkusen,Paderborn,3,2,H,2,2,D,asasd,13,11,4,6,8,9,6,6,2,0,0,0
D1,17/08/2019,14:30,Werder Bremen,Fortuna Dusseldorf,1,3,A,0,1,A,asasd,23,12,10,7,8,13,14,5,0,2,0,0
D1,17/08/2019,14:30,Wolfsburg,FC Koln,2,1,H,1,0,H,asasd,14,11,5,2,14,18,2,6,1,3,0,0
D1,17/08/2019,17:30,M'gladbach,Schalke 04,0,0,D,0,0,D,asasd,16,8,4,1,8,10,8,3,3,2,0,0
D1,18/08/2019,14:30,Ein Frankfurt,Hoffenheim,1,0,H,1,0,H,asasd,17,10,8,1,16,9,10,5,3,1,0,0
D1,18/08/2019,17:00,Union Berlin,RB Leipzig,0,4,A,0,3,A,asasd,13,14,2,8,14,5,3,6,1,0,0,0
D1,23/08/2019,19:30,FC Koln,Dortmund,1,3,A,1,0,H,asasd,13,14,1,6,11,10,7,8,2,1,0,0
D1,24/08/2019,14:30,Augsburg,Union Berlin,1,1,D,0,0,D,asasd,12,13,4,1,16,19,3,4,3,1,0,1
D1,24/08/2019,14:30,Fortuna Dusseldorf,Leverkusen,1,3,A,0,3,A,asasd,11,11,6,7,14,10,1,5,3,2,0,0
D1,24/08/2019,14:30,Hoffenheim,Werder Bremen,3,2,H,0,1,A,asasd,10,18,3,6,13,15,3,6,2,5,0,1
D1,24/08/2019,14:30,Mainz,M'gladbach,1,3,A,1,1,D,asasd,21,15,4,6,12,14,3,5,2,2,0,0
D1,24/08/2019,14:30,Paderborn,Freiburg,1,3,A,1,2,A,asasd,15,9,2,4,20,6,9,5,3,1,0,0
D1,24/08/2019,17:30,Schalke 04,Bayern Munich,0,3,A,0,1,A,asasd,9,10,2,6,11,10,3,4,0,0,0,0
D1,25/08/2019,14:30,RB Leipzig,Ein Frankfurt,2,1,H,1,0,H,asasd,13,11,5,5,10,13,4,1,2,3,0,0
D1,25/08/2019,17:00,Hertha,Wolfsburg,0,3,A,0,1,A,asasd,8,9,2,4,15,11,2,5,1,0,0,0
D1,30/08/2019,19:30,M'gladbach,RB Leipzig,1,3,A,0,1,A,asasd,11,14,3,6,17,19,9,5,3,2,0,0
D1,31/08/2019,14:30,Bayern Munich,Mainz,6,1,H,2,1,H,asasd,19,7,10,4,16,12,10,1,3,3,0,0
D1,31/08/2019,14:30,Freiburg,FC Koln,1,2,A,1,0,H,asasd,14,9,1,3,6,15,5,6,0,2,0,0
D1,31/08/2019,14:30,Leverkusen,Hoffenheim,0,0,D,0,0,D,asasd,20,6,2,1,7,11,19,0,2,2,0,0
D1,31/08/2019,14:30,Schalke 04,Hertha,3,0,H,1,0,H,asasd,9,9,2,3,13,9,5,3,1,1,0,0
D1,31/08/2019,14:30,Wolfsburg,Paderborn,1,1,D,0,1,A,asasd,15,7,5,3,8,12,8,3,0,3,0,0
D1,31/08/2019,17:30,Union Berlin,Dortmund,3,1,H,1,1,D,asasd,15,13,7,2,13,2,7,4,0,0,0,0
D1,1/9/2019,14:30,Werder Bremen,Augsburg,3,2,H,2,1,H,asasd,15,12,5,6,9,11,4,2,1,4,0,1
D1,1/9/2019,17:00,Ein Frankfurt,Fortuna Dusseldorf,2,1,H,0,1,A,asasd,15,14,8,4,13,15,4,1,2,4,0,0
D1,13/09/2019,19:30,Fortuna Dusseldorf,Wolfsburg,1,1,D,1,1,D,asasd,12,15,3,6,7,14,3,8,0,2,0,0
D1,14/09/2019,14:30,Augsburg,Ein Frankfurt,2,1,H,2,0,H,asasd,9,23,6,3,8,8,2,11,2,1,0,0
D1,14/09/2019,14:30,Dortmund,Leverkusen,4,0,H,1,0,H,asasd,11,22,9,12,9,11,3,3,0,3,0,0
D1,14/09/2019,14:30,FC Koln,M'gladbach,0,1,A,0,1,A,asasd,14,15,7,4,22,17,4,7,2,2,0,0
D1,14/09/2019,14:30,Mainz,Hertha,2,1,H,1,0,H,asasd,14,16,5,8,16,11,6,3,2,2,0,0
D1,14/09/2019,14:30,Union Berlin,Werder Bremen,1,2,A,1,1,D,asasd,12,16,5,7,23,10,7,4,3,4,1,1
D1,14/09/2019,17:30,RB Leipzig,Bayern Munich,1,1,D,1,1,D,asasd,12,14,6,7,11,4,3,6,4,2,0,0
D1,15/09/2019,14:30,Hoffenheim,Freiburg,0,3,A,0,2,A,asasd,22,16,5,8,10,6,12,4,0,2,0,0
D1,15/09/2019,17:00,Paderborn,Schalke 04,1,5,A,1,1,D,asasd,9,18,1,11,17,12,3,5,2,1,0,0
D1,20/09/2019,19:30,Schalke 04,Mainz,2,1,H,1,0,H,asasd,19,14,6,3,7,15,5,5,1,1,0,0
D1,21/09/2019,14:30,Bayern Munich,FC Koln,4,0,H,1,0,H,asasd,24,16,5,2,15,20,12,4,4,0,0,1
D1,21/09/2019,14:30,Freiburg,Augsburg,1,1,D,1,1,D,asasd,17,12,5,2,13,13,7,4,1,1,0,0
D1,21/09/2019,14:30,Hertha,Paderborn,2,1,H,1,0,H,asasd,6,17,4,8,13,15,1,8,4,4,0,0
D1,21/09/2019,14:30,Leverkusen,Union Berlin,2,0,H,2,0,H,asasd,20,4,7,0,10,10,8,1,0,1,0,1
D1,21/09/2019,17:30,Werder Bremen,RB Leipzig,0,3,A,0,2,A,asasd,11,14,1,7,11,13,4,7,0,3,0,1
D1,22/09/2019,14:30,M'gladbach,Fortuna Dusseldorf,2,1,H,0,1,A,asasd,23,18,11,4,14,11,10,4,2,3,0,0
D1,22/09/2019,17:00,Ein Frankfurt,Dortmund,2,2,D,1,1,D,asasd,17,15,3,7,18,10,5,8,2,2,0,0
D1,23/09/2019,19:30,Wolfsburg,Hoffenheim,1,1,D,1,1,D,asasd,12,11,4,5,11,18,4,6,2,4,0,0
D1,27/09/2019,19:30,Union Berlin,Ein Frankfurt,1,2,A,0,0,D,asasd,12,14,5,6,11,12,4,5,1,1,0,0
D1,28/09/2019,14:30,Augsburg,Leverkusen,0,3,A,0,1,A,asasd,8,11,1,5,16,9,1,3,4,0,0,0
D1,28/09/2019,14:30,Hoffenheim,M'gladbach,0,3,A,0,1,A,asasd,17,11,4,5,10,11,2,5,2,2,0,0
D1,28/09/2019,14:30,Mainz,Wolfsburg,0,1,A,0,1,A,asasd,15,4,5,3,9,15,10,1,2,3,0,0
D1,28/09/2019,14:30,Paderborn,Bayern Munich,2,3,A,0,1,A,asasd,10,18,5,6,7,6,11,5,1,1,0,0
D1,28/09/2019,14:30,RB Leipzig,Schalke 04,1,3,A,0,2,A,asasd,17,13,6,8,13,11,8,4,1,1,0,0
D1,28/09/2019,17:30,Dortmund,Werder Bremen,2,2,D,2,1,H,asasd,19,11,7,5,8,10,9,2,1,0,0,0
D1,29/09/2019,14:30,Fortuna Dusseldorf,Freiburg,1,2,A,1,1,D,asasd,17,9,7,3,9,9,5,1,2,2,0,0
D1,29/09/2019,17:00,FC Koln,Hertha,0,4,A,0,1,A,asasd,8,10,3,6,11,13,8,4,1,0,1,0
D1,4/10/2019,19:30,Hertha,Fortuna Dusseldorf,3,1,H,2,1,H,asasd,16,9,3,3,17,18,9,2,3,3,0,0
D1,5/10/2019,14:30,Bayern Munich,Hoffenheim,1,2,A,0,0,D,asasd,20,8,4,5,8,12,9,3,2,0,0,0
D1,5/10/2019,14:30,Freiburg,Dortmund,2,2,D,0,1,A,asasd,6,8,1,4,10,8,3,11,0,3,0,0
D1,5/10/2019,14:30,Leverkusen,RB Leipzig,1,1,D,0,0,D,asasd,11,11,8,5,11,12,4,0,2,2,0,0
D1,5/10/2019,14:30,Paderborn,Mainz,1,2,A,1,2,A,asasd,16,18,7,7,8,18,7,10,1,4,0,0
D1,5/10/2019,17:30,Schalke 04,FC Koln,1,1,D,0,0,D,asasd,15,9,3,5,15,15,6,4,4,4,0,0
D1,6/10/2019,12:30,M'gladbach,Augsburg,5,1,H,4,0,H,asasd,13,13,9,3,9,9,2,7,1,2,0,0
D1,6/10/2019,14:30,Wolfsburg,Union Berlin,1,0,H,0,0,D,asasd,13,14,4,3,17,15,5,4,2,2,0,0
D1,6/10/2019,17:00,Ein Frankfurt,Werder Bremen,2,2,D,0,1,A,asasd,24,11,7,5,12,8,10,1,2,1,0,0
D1,18/10/2019,19:30,Ein Frankfurt,Leverkusen,3,0,H,2,0,H,asasd,10,19,5,10,11,12,4,1,1,1,0,0
D1,19/10/2019,14:30,Augsburg,Bayern Munich,2,2,D,1,1,D,asasd,9,24,7,9,10,6,3,7,3,3,0,0
D1,19/10/2019,14:30,Fortuna Dusseldorf,Mainz,1,0,H,0,0,D,asasd,20,7,4,1,10,17,8,1,2,4,0,1
D1,19/10/2019,14:30,RB Leipzig,Wolfsburg,1,1,D,0,0,D,asasd,13,14,5,6,10,9,3,3,1,3,0,0
D1,19/10/2019,14:30,Union Berlin,Freiburg,2,0,H,1,0,H,asasd,18,12,5,4,21,13,3,4,3,0,0,0
D1,19/10/2019,14:30,Werder Bremen,Hertha,1,1,D,1,0,H,asasd,15,11,5,2,8,11,7,5,1,1,0,0
D1,19/10/2019,17:30,Dortmund,M'gladbach,1,0,H,0,0,D,asasd,20,13,7,3,13,15,10,8,1,2,0,0
D1,20/10/2019,14:30,FC Koln,Paderborn,3,0,H,1,0,H,asasd,16,9,6,1,6,7,6,9,0,0,0,0
D1,20/10/2019,17:00,Hoffenheim,Schalke 04,2,0,H,0,0,D,asasd,9,11,3,1,12,14,3,8,2,2,0,0
D1,25/10/2019,19:30,Mainz,FC Koln,3,1,H,1,1,D,asasd,18,16,6,8,20,9,5,10,2,2,0,0
D1,26/10/2019,14:30,Bayern Munich,Union Berlin,2,1,H,1,0,H,asasd,21,6,10,4,9,15,8,2,0,1,0,0
D1,26/10/2019,14:30,Freiburg,RB Leipzig,2,1,H,1,0,H,asasd,14,25,3,6,10,9,5,4,3,1,0,0
D1,26/10/2019,14:30,Hertha,Hoffenheim,2,3,A,0,2,A,asasd,13,17,4,8,17,12,4,4,3,3,1,0
D1,26/10/2019,14:30,Paderborn,Fortuna Dusseldorf,2,0,H,1,0,H,asasd,14,18,6,4,21,17,4,7,5,4,0,0
D1,26/10/2019,14:30,Schalke 04,Dortmund,0,0,D,0,0,D,asasd,13,8,3,3,8,7,8,2,3,2,0,0
D1,26/10/2019,17:30,Leverkusen,Werder Bremen,2,2,D,1,1,D,asasd,21,10,4,3,12,13,10,1,2,1,0,0
D1,27/10/2019,14:30,Wolfsburg,Augsburg,0,0,D,0,0,D,asasd,14,10,3,5,12,13,5,3,0,0,0,0
D1,27/10/2019,17:00,M'gladbach,Ein Frankfurt,4,2,H,2,0,H,asasd,12,15,7,3,12,11,5,6,1,1,0,0
D1,1/11/2019,19:30,Hoffenheim,Paderborn,3,0,H,3,0,H,asasd,12,9,7,2,7,12,4,4,0,1,0,0
D1,2/11/2019,14:30,Dortmund,Wolfsburg,3,0,H,0,0,D,asasd,17,12,8,3,12,18,7,2,1,3,0,0
D1,2/11/2019,14:30,Ein Frankfurt,Bayern Munich,5,1,H,2,1,H,asasd,17,7,11,3,12,7,3,0,1,2,0,1
D1,2/11/2019,14:30,Leverkusen,M'gladbach,1,2,A,1,2,A,asasd,23,11,6,6,13,8,13,0,2,1,1,0
D1,2/11/2019,14:30,RB Leipzig,Mainz,8,0,H,5,0,H,asasd,19,10,12,2,10,7,3,4,0,1,0,0
D1,2/11/2019,14:30,Werder Bremen,Freiburg,2,2,D,1,1,D,asasd,20,13,10,3,17,9,5,0,3,4,0,1
D1,2/11/2019,17:30,Union Berlin,Hertha,1,0,H,0,0,D,asasd,16,8,6,3,14,9,1,4,1,1,0,0
D1,3/11/2019,14:30,Fortuna Dusseldorf,FC Koln,2,0,H,1,0,H,asasd,9,8,3,1,10,20,3,4,1,3,0,0
D1,3/11/2019,17:00,Augsburg,Schalke 04,2,3,A,1,1,D,asasd,12,11,4,3,12,10,1,6,3,5,0,0
D1,8/11/2019,19:30,FC Koln,Hoffenheim,1,2,A,1,0,H,asasd,11,15,3,5,21,14,5,7,4,3,0,0
D1,9/11/2019,14:30,Hertha,RB Leipzig,2,4,A,1,2,A,asasd,7,10,3,7,12,12,0,5,2,1,0,0
D1,9/11/2019,14:30,Mainz,Union Berlin,2,3,A,0,2,A,asasd,18,14,5,4,15,15,3,2,1,4,0,0
D1,9/11/2019,14:30,Paderborn,Augsburg,0,1,A,0,1,A,asasd,12,13,4,5,15,12,5,7,1,3,0,0
D1,9/11/2019,14:30,Schalke 04,Fortuna Dusseldorf,3,3,D,1,0,H,asasd,12,9,5,5,9,15,2,4,2,4,0,0
D1,9/11/2019,17:30,Bayern Munich,Dortmund,4,0,H,1,0,H,asasd,17,2,5,0,11,12,2,1,2,1,0,0
D1,10/11/2019,12:30,M'gladbach,Werder Bremen,3,1,H,2,0,H,asasd,17,16,7,7,17,11,3,8,5,4,1,0
D1,10/11/2019,14:30,Wolfsburg,Leverkusen,0,2,A,0,1,A,asasd,9,9,1,4,8,9,9,0,2,2,0,0
D1,10/11/2019,17:00,Freiburg,Ein Frankfurt,1,0,H,0,0,D,asasd,13,17,7,6,7,13,8,10,1,3,1,2
D1,22/11/2019,19:30,Dortmund,Paderborn,3,3,D,0,3,A,asasd,18,10,7,4,8,7,10,2,3,1,0,0
D1,23/11/2019,14:30,Ein Frankfurt,Wolfsburg,0,2,A,0,1,A,asasd,17,9,9,6,13,22,12,1,3,5,0,1
D1,23/11/2019,14:30,Fortuna Dusseldorf,Bayern Munich,0,4,A,0,3,A,asasd,12,18,1,5,8,6,8,6,1,1,0,0
D1,23/11/2019,14:30,Leverkusen,Freiburg,1,1,D,1,1,D,asasd,27,7,9,2,9,14,13,3,0,3,0,0
D1,23/11/2019,14:30,Union Berlin,M'gladbach,2,0,H,1,0,H,asasd,11,12,6,2,12,7,2,6,1,1,0,0
D1,23/11/2019,14:30,Werder Bremen,Schalke 04,1,2,A,0,1,A,asasd,16,10,5,5,12,15,1,3,3,2,0,0
D1,23/11/2019,17:30,RB Leipzig,FC Koln,4,1,H,3,1,H,asasd,20,6,8,1,9,15,13,3,0,3,0,0
D1,24/11/2019,14:30,Augsburg,Hertha,4,0,H,2,0,H,asasd,14,5,5,1,8,18,3,3,0,2,0,1
D1,24/11/2019,17:00,Hoffenheim,Mainz,1,5,A,0,1,A,asasd,22,11,8,5,10,13,14,3,1,3,0,1
D1,29/11/2019,19:30,Schalke 04,Union Berlin,2,1,H,1,1,D,asasd,17,17,8,7,12,13,7,4,1,4,0,0
D1,30/11/2019,14:30,FC Koln,Augsburg,1,1,D,0,1,A,asasd,13,11,6,4,15,17,4,8,8,3,1,1
D1,30/11/2019,14:30,Hertha,Dortmund,1,2,A,1,2,A,asasd,13,7,3,5,13,8,2,2,3,2,0,1
D1,30/11/2019,14:30,Hoffenheim,Fortuna Dusseldorf,1,1,D,1,0,H,asasd,12,11,6,3,11,16,2,5,2,4,0,0
D1,30/11/2019,14:30,Paderborn,RB Leipzig,2,3,A,0,3,A,asasd,8,18,4,6,10,13,6,6,3,3,0,0
D1,30/11/2019,17:30,Bayern Munich,Leverkusen,1,2,A,1,2,A,asasd,24,11,11,7,9,16,8,2,1,3,0,1
D1,1/12/2019,14:30,M'gladbach,Freiburg,4,2,H,1,1,D,asasd,22,13,13,5,13,15,2,3,3,2,0,0
D1,1/12/2019,17:00,Wolfsburg,Werder Bremen,2,3,A,1,2,A,asasd,19,10,6,3,14,14,9,3,1,4,0,0
D1,2/12/2019,19:30,Mainz,Ein Frankfurt,2,1,H,0,1,A,asasd,18,14,8,4,13,10,8,6,1,2,0,1
D1,6/12/2019,19:30,Ein Frankfurt,Hertha,2,2,D,0,1,A,asasd,25,9,6,3,11,15,16,1,3,4,0,0
D1,7/12/2019,14:30,Augsburg,Mainz,2,1,H,1,1,D,asasd,18,12,5,3,13,14,8,2,2,2,0,0
D1,7/12/2019,14:30,Dortmund,Fortuna Dusseldorf,5,0,H,1,0,H,asasd,23,2,10,0,8,10,6,0,0,3,0,0
D1,7/12/2019,14:30,Freiburg,Wolfsburg,1,0,H,0,0,D,asasd,10,10,3,0,13,20,2,7,0,2,0,0
D1,7/12/2019,14:30,M'gladbach,Bayern Munich,2,1,H,0,0,D,asasd,7,17,3,5,12,17,2,5,3,5,0,1
D1,7/12/2019,14:30,RB Leipzig,Hoffenheim,3,1,H,1,0,H,asasd,25,11,14,1,14,5,8,6,3,1,0,0
D1,7/12/2019,17:30,Leverkusen,Schalke 04,2,1,H,1,0,H,asasd,19,5,9,3,11,11,9,0,2,2,0,0
D1,8/12/2019,14:30,Union Berlin,FC Koln,2,0,H,1,0,H,asasd,11,14,5,4,21,19,3,5,1,3,0,0
D1,8/12/2019,17:00,Werder Bremen,Paderborn,0,1,A,0,0,D,asasd,12,18,3,5,10,13,13,6,1,4,0,0
D1,13/12/2019,19:30,Hoffenheim,Augsburg,2,4,A,1,1,D,asasd,19,6,8,4,10,7,11,1,1,0,0,0
D1,14/12/2019,14:30,Bayern Munich,Werder Bremen,6,1,H,2,1,H,asasd,29,11,14,2,13,12,8,2,2,2,0,0
D1,14/12/2019,14:30,FC Koln,Leverkusen,2,0,H,0,0,D,asasd,13,6,5,2,12,9,3,4,2,3,0,2
D1,14/12/2019,14:30,Hertha,Freiburg,1,0,H,0,0,D,asasd,14,15,4,2,9,5,4,7,2,0,0,0
D1,14/12/2019,14:30,Mainz,Dortmund,0,4,A,0,1,A,asasd,9,18,0,7,8,10,3,5,1,0,0,0
D1,14/12/2019,14:30,Paderborn,Union Berlin,1,1,D,1,1,D,asasd,14,15,3,2,19,16,2,3,2,4,0,0
D1,14/12/2019,17:30,Fortuna Dusseldorf,RB Leipzig,0,3,A,0,1,A,asasd,4,21,1,7,11,7,3,9,2,1,0,0
D1,15/12/2019,14:30,Wolfsburg,M'gladbach,2,1,H,1,1,D,asasd,17,6,7,5,20,15,5,2,3,3,0,0
D1,15/12/2019,17:00,Schalke 04,Ein Frankfurt,1,0,H,0,0,D,asasd,11,17,5,3,15,12,7,6,1,4,1,0
D1,17/12/2019,17:30,Werder Bremen,Mainz,0,5,A,0,4,A,asasd,15,19,5,8,13,13,8,5,2,2,0,0
D1,17/12/2019,19:30,Augsburg,Fortuna Dusseldorf,3,0,H,1,0,H,asasd,12,6,7,2,10,15,4,2,3,4,0,0
D1,17/12/2019,19:30,Dortmund,RB Leipzig,3,3,D,2,0,H,asasd,14,12,6,8,9,5,12,3,0,0,0,0
D1,17/12/2019,19:30,Union Berlin,Hoffenheim,0,2,A,0,0,D,asasd,16,7,2,4,16,13,6,1,2,6,0,0
D1,18/12/2019,17:30,Leverkusen,Hertha,0,1,A,0,0,D,asasd,17,10,7,5,12,16,5,4,2,3,0,0
D1,18/12/2019,19:30,Ein Frankfurt,FC Koln,2,4,A,2,1,H,asasd,17,21,6,9,12,10,7,10,2,4,0,0
D1,18/12/2019,19:30,Freiburg,Bayern Munich,1,3,A,0,1,A,asasd,15,22,5,10,5,8,6,8,0,3,0,0
D1,18/12/2019,19:30,M'gladbach,Paderborn,2,0,H,0,0,D,asasd,17,12,6,2,6,14,8,4,2,3,0,0
D1,18/12/2019,19:30,Wolfsburg,Schalke 04,1,1,D,0,0,D,asasd,29,8,11,2,13,11,12,5,1,1,0,0
D1,20/12/2019,19:30,Hoffenheim,Dortmund,2,1,H,0,1,A,asasd,11,12,3,5,8,12,0,8,0,1,0,0
D1,21/12/2019,14:30,Bayern Munich,Wolfsburg,2,0,H,0,0,D,asasd,18,10,8,3,7,7,12,6,2,2,0,0
D1,21/12/2019,14:30,FC Koln,Werder Bremen,1,0,H,1,0,H,asasd,7,6,1,1,11,18,1,7,1,4,0,0
D1,21/12/2019,14:30,Mainz,Leverkusen,0,1,A,0,0,D,asasd,17,14,2,4,8,8,6,6,0,2,0,1
D1,21/12/2019,14:30,RB Leipzig,Augsburg,3,1,H,0,1,A,asasd,22,6,7,2,7,9,10,4,1,3,0,0
D1,21/12/2019,14:30,Schalke 04,Freiburg,2,2,D,1,0,H,asasd,19,19,6,7,9,12,7,5,1,1,0,0
D1,21/12/2019,17:30,Hertha,M'gladbach,0,0,D,0,0,D,asasd,8,11,0,5,11,11,1,7,2,2,0,0
D1,22/12/2019,14:30,Fortuna Dusseldorf,Union Berlin,2,1,H,1,0,H,asasd,22,17,8,6,8,18,7,5,2,4,0,0
D1,22/12/2019,17:00,Paderborn,Ein Frankfurt,2,1,H,2,0,H,asasd,19,20,5,5,11,11,3,8,3,2,0,0
D1,17/01/2020,19:30,Schalke 04,M'gladbach,2,0,H,0,0,D,asasd,13,14,7,5,13,17,8,8,3,4,0,0
D1,18/01/2020,14:30,Augsburg,Dortmund,3,5,A,1,0,H,asasd,13,17,5,8,4,5,2,6,0,1,0,0
D1,18/01/2020,14:30,FC Koln,Wolfsburg,3,1,H,2,0,H,asasd,12,17,7,8,11,18,8,5,3,3,0,0
D1,18/01/2020,14:30,Fortuna Dusseldorf,Werder Bremen,0,1,A,0,0,D,asasd,17,13,2,4,16,12,6,4,4,5,0,1
D1,18/01/2020,14:30,Hoffenheim,Ein Frankfurt,1,2,A,0,1,A,asasd,12,13,5,3,10,13,8,6,2,2,0,0
D1,18/01/2020,14:30,Mainz,Freiburg,1,2,A,0,2,A,asasd,24,13,8,5,15,10,7,5,4,2,0,0
D1,18/01/2020,17:30,RB Leipzig,Union Berlin,3,1,H,0,1,A,asasd,19,15,8,5,6,18,4,4,1,3,0,0
D1,19/01/2020,14:30,Hertha,Bayern Munich,0,4,A,0,0,D,asasd,6,20,1,10,7,14,0,4,3,1,0,0
D1,19/01/2020,17:00,Paderborn,Leverkusen,1,4,A,0,3,A,asasd,13,12,7,7,8,12,6,4,4,1,0,0
D1,24/01/2020,19:30,Dortmund,FC Koln,5,1,H,2,0,H,asasd,14,11,9,5,6,7,1,3,1,1,0,0
D1,25/01/2020,14:30,Ein Frankfurt,RB Leipzig,2,0,H,0,0,D,asasd,7,22,5,4,8,10,4,6,1,2,0,0
D1,25/01/2020,14:30,Freiburg,Paderborn,0,2,A,0,0,D,asasd,19,15,5,3,11,7,6,6,4,4,0,1
D1,25/01/2020,14:30,M'gladbach,Mainz,3,1,H,1,1,D,asasd,15,12,5,9,7,14,6,3,2,3,0,0
D1,25/01/2020,14:30,Union Berlin,Augsburg,2,0,H,0,0,D,asasd,12,25,3,7,18,9,4,5,4,1,0,0
D1,25/01/2020,14:30,Wolfsburg,Hertha,1,2,A,0,0,D,asasd,20,9,7,4,8,8,9,4,0,1,0,0
D1,25/01/2020,17:30,Bayern Munich,Schalke 04,5,0,H,2,0,H,asasd,24,7,14,1,3,4,9,2,0,0,0,0
D1,26/01/2020,14:30,Werder Bremen,Hoffenheim,0,3,A,0,0,D,asasd,16,9,3,4,14,15,7,4,2,2,0,0
D1,26/01/2020,17:00,Leverkusen,Fortuna Dusseldorf,3,0,H,1,0,H,asasd,25,12,11,3,11,10,8,5,0,3,0,0
D1,31/01/2020,19:30,Hertha,Schalke 04,0,0,D,0,0,D,asasd,9,13,0,5,9,9,3,7,1,1,0,0
D1,1/2/2020,14:30,Augsburg,Werder Bremen,2,1,H,0,1,A,asasd,14,7,4,1,8,17,5,3,2,5,0,0
D1,1/2/2020,14:30,Dortmund,Union Berlin,5,0,H,2,0,H,asasd,13,5,7,0,7,8,5,3,0,1,0,0
D1,1/2/2020,14:30,Fortuna Dusseldorf,Ein Frankfurt,1,1,D,0,0,D,asasd,8,6,1,4,6,12,4,4,2,1,0,0
D1,1/2/2020,14:30,Hoffenheim,Leverkusen,2,1,H,1,1,D,asasd,14,22,6,11,8,10,4,10,3,3,0,1
D1,1/2/2020,14:30,Mainz,Bayern Munich,1,3,A,1,3,A,asasd,8,13,3,5,12,9,6,4,3,1,0,0
D1,1/2/2020,17:30,RB Leipzig,M'gladbach,2,2,D,0,2,A,asasd,18,7,8,4,12,13,4,4,1,6,0,1
D1,2/2/2020,14:30,FC Koln,Freiburg,4,0,H,1,0,H,asasd,24,9,9,2,13,9,10,6,3,1,0,0
D1,2/2/2020,17:00,Paderborn,Wolfsburg,2,4,A,1,2,A,asasd,10,9,7,5,15,17,3,7,3,3,1,0
D1,7/2/2020,19:30,Ein Frankfurt,Augsburg,5,0,H,1,0,H,asasd,13,8,9,5,7,5,1,4,1,0,0,0
D1,8/2/2020,14:30,Freiburg,Hoffenheim,1,0,H,1,0,H,asasd,12,21,6,6,10,13,5,10,3,3,0,0
D1,8/2/2020,14:30,Hertha,Mainz,1,3,A,0,1,A,asasd,13,10,3,3,13,16,10,1,4,1,1,0
D1,8/2/2020,14:30,Schalke 04,Paderborn,1,1,D,0,0,D,asasd,15,15,4,4,6,8,11,10,2,3,0,0
D1,8/2/2020,14:30,Werder Bremen,Union Berlin,0,2,A,0,0,D,asasd,14,11,3,5,7,16,5,5,4,3,0,0
D1,8/2/2020,14:30,Wolfsburg,Fortuna Dusseldorf,1,1,D,0,1,A,asasd,9,10,5,2,10,14,3,5,0,1,1,0
D1,8/2/2020,17:30,Leverkusen,Dortmund,4,3,H,2,2,D,asasd,9,12,5,6,9,10,3,7,2,1,0,0
D1,9/2/2020,17:00,Bayern Munich,RB Leipzig,0,0,D,0,0,D,asasd,10,8,3,1,8,12,11,3,2,2,0,0
D1,14/02/2020,19:30,Dortmund,Ein Frankfurt,4,0,H,1,0,H,asasd,17,1,7,0,7,3,5,0,0,1,0,0
D1,15/02/2020,14:30,Augsburg,Freiburg,1,1,D,1,0,H,asasd,10,20,3,5,19,5,0,3,4,1,0,0
D1,15/02/2020,14:30,Hoffenheim,Wolfsburg,2,3,A,1,1,D,asasd,14,15,6,6,7,12,4,4,2,2,0,0
D1,15/02/2020,14:30,Paderborn,Hertha,1,2,A,0,1,A,asasd,20,17,4,6,14,12,5,8,2,2,0,0
D1,15/02/2020,14:30,RB Leipzig,Werder Bremen,3,0,H,2,0,H,asasd,10,8,3,1,10,12,8,1,1,1,0,0
D1,15/02/2020,14:30,Union Berlin,Leverkusen,2,3,A,1,1,D,asasd,20,12,7,5,9,12,6,4,2,2,0,0
D1,15/02/2020,17:30,Fortuna Dusseldorf,M'gladbach,1,4,A,1,1,D,asasd,9,17,4,6,10,10,2,5,2,2,0,0
D1,16/02/2020,14:30,FC Koln,Bayern Munich,1,4,A,0,3,A,asasd,13,26,6,8,12,10,1,6,1,3,0,0
D1,16/02/2020,17:00,Mainz,Schalke 04,0,0,D,0,0,D,asasd,15,8,5,3,7,11,3,6,2,2,0,0
D1,21/02/2020,19:30,Bayern Munich,Paderborn,3,2,H,1,1,D,asasd,18,5,9,4,3,9,11,1,1,3,0,0
D1,22/02/2020,14:30,Freiburg,Fortuna Dusseldorf,0,2,A,0,1,A,asasd,15,9,4,4,13,10,7,4,1,4,0,0
D1,22/02/2020,14:30,Hertha,FC Koln,0,5,A,0,3,A,asasd,9,17,1,11,12,10,5,3,2,2,0,0
D1,22/02/2020,14:30,M'gladbach,Hoffenheim,1,1,D,1,0,H,asasd,17,22,10,4,8,8,8,8,4,4,0,0
D1,22/02/2020,14:30,Werder Bremen,Dortmund,0,2,A,0,0,D,asasd,8,12,2,6,13,8,2,6,0,0,0,0
D1,22/02/2020,17:30,Schalke 04,RB Leipzig,0,5,A,0,1,A,asasd,3,22,2,8,10,7,2,5,2,3,0,0
D1,23/02/2020,14:30,Leverkusen,Augsburg,2,0,H,1,0,H,asasd,9,8,4,3,8,12,2,3,2,4,0,0
D1,23/02/2020,17:00,Wolfsburg,Mainz,4,0,H,2,0,H,asasd,16,13,6,3,10,12,4,14,0,2,0,0
D1,24/02/2020,19:30,Ein Frankfurt,Union Berlin,1,2,A,0,0,D,asasd,21,11,3,7,10,15,14,6,3,4,0,0
D1,28/02/2020,19:30,Fortuna Dusseldorf,Hertha,3,3,D,3,0,H,asasd,14,16,5,7,11,11,3,5,2,2,0,0
D1,29/02/2020,14:30,Augsburg,M'gladbach,2,3,A,0,0,D,asasd,8,15,3,7,11,6,5,3,3,2,0,0
D1,29/02/2020,14:30,Dortmund,Freiburg,1,0,H,1,0,H,asasd,16,13,2,4,5,9,6,4,1,0,0,0
D1,29/02/2020,14:30,Hoffenheim,Bayern Munich,0,6,A,0,4,A,asasd,4,25,1,11,3,7,1,7,0,0,0,0
D1,29/02/2020,14:30,Mainz,Paderborn,2,0,H,2,0,H,asasd,8,9,3,4,5,15,5,8,1,3,0,0
D1,29/02/2020,17:30,FC Koln,Schalke 04,3,0,H,2,0,H,asasd,11,7,6,1,7,8,4,2,1,2,0,0
D1,1/3/2020,12:30,Union Berlin,Wolfsburg,2,2,D,1,0,H,asasd,6,14,3,3,8,13,1,6,1,2,0,0
D1,1/3/2020,14:30,RB Leipzig,Leverkusen,1,1,D,1,1,D,asasd,9,14,2,6,4,12,8,5,0,3,0,0
D1,6/3/2020,19:00,Paderborn,FC Koln,1,2,A,0,2,A,asasd,16,15,2,3,8,12,5,9,3,4,0,0
D1,7/3/2020,14:30,Freiburg,Union Berlin,3,1,H,1,0,H,asasd,9,14,4,4,5,20,7,2,2,3,0,1
D1,7/3/2020,14:30,Hertha,Werder Bremen,2,2,D,1,2,A,asasd,19,7,5,3,16,5,3,1,3,3,0,0
D1,7/3/2020,14:30,Leverkusen,Ein Frankfurt,4,0,H,2,0,H,asasd,14,9,5,3,10,12,1,3,1,0,0,0
D1,7/3/2020,14:30,Schalke 04,Hoffenheim,1,1,D,1,0,H,asasd,14,4,4,1,8,12,4,5,0,1,0,0
D1,7/3/2020,14:30,Wolfsburg,RB Leipzig,0,0,D,0,0,D,asasd,16,15,4,4,11,14,4,4,2,3,0,0
D1,7/3/2020,17:30,M'gladbach,Dortmund,1,2,A,0,1,A,asasd,10,10,3,4,8,9,3,3,5,5,0,0
D1,8/3/2020,14:30,Bayern Munich,Augsburg,2,0,H,0,0,D,asasd,17,8,6,2,4,7,9,4,1,0,0,0
D1,8/3/2020,17:00,Mainz,Fortuna Dusseldorf,1,1,D,0,0,D,asasd,3,20,1,5,17,10,1,8,3,1,1,0
D1,11/3/2020,17:30,M'gladbach,FC Koln,2,1,H,1,0,H,asasd,12,16,5,3,14,14,6,3,1,2,0,0
D1,16/05/2020,14:30,Augsburg,Wolfsburg,1,2,A,0,1,A,asasd,8,17,3,5,8,11,3,1,1,3,0,0
D1,16/05/2020,14:30,Dortmund,Schalke 04,4,0,H,2,0,H,asasd,11,10,4,3,9,8,4,2,2,2,0,0
D1,16/05/2020,14:30,Fortuna Dusseldorf,Paderborn,0,0,D,0,0,D,asasd,10,7,1,1,15,16,2,0,2,2,0,0
D1,16/05/2020,14:30,Hoffenheim,Hertha,0,3,A,0,0,D,asasd,21,12,5,5,9,16,7,5,2,3,0,0
D1,16/05/2020,14:30,RB Leipzig,Freiburg,1,1,D,0,1,A,asasd,23,7,9,2,11,8,8,4,0,1,0,0
D1,16/05/2020,17:30,Ein Frankfurt,M'gladbach,1,3,A,0,2,A,asasd,12,15,4,8,19,10,5,1,5,1,0,0
D1,17/05/2020,14:30,FC Koln,Mainz,2,2,D,1,0,H,asasd,16,11,6,5,20,15,5,7,4,2,0,0
D1,17/05/2020,17:00,Union Berlin,Bayern Munich,0,2,A,0,1,A,asasd,10,14,2,3,13,10,4,9,2,1,0,0
D1,18/05/2020,19:30,Werder Bremen,Leverkusen,1,4,A,1,2,A,asasd,9,13,1,6,15,14,2,9,2,1,0,0
D1,22/05/2020,19:30,Hertha,Union Berlin,4,0,H,0,0,D,asasd,14,7,8,0,12,12,4,6,2,1,0,0
D1,23/05/2020,14:30,Freiburg,Werder Bremen,0,1,A,0,1,A,asasd,15,11,8,3,12,18,7,2,0,3,0,1
D1,23/05/2020,14:30,M'gladbach,Leverkusen,1,3,A,0,1,A,asasd,16,13,6,7,16,16,6,3,1,1,0,0
D1,23/05/2020,14:30,Paderborn,Hoffenheim,1,1,D,1,1,D,asasd,13,18,3,7,14,13,2,8,3,0,0,0
D1,23/05/2020,14:30,Wolfsburg,Dortmund,0,2,A,0,1,A,asasd,8,6,1,2,11,10,2,2,4,2,1,0
D1,23/05/2020,17:30,Bayern Munich,Ein Frankfurt,5,2,H,2,0,H,asasd,23,11,10,4,10,7,7,2,0,1,0,0
D1,24/05/2020,12:30,Schalke 04,Augsburg,0,3,A,0,1,A,asasd,12,9,2,7,14,11,3,2,0,2,0,0
D1,24/05/2020,14:30,Mainz,RB Leipzig,0,5,A,0,3,A,asasd,4,21,1,9,13,11,5,4,3,3,0,0
D1,24/05/2020,17:00,FC Koln,Fortuna Dusseldorf,2,2,D,0,1,A,asasd,16,10,6,5,19,17,6,2,0,1,0,0
D1,26/05/2020,17:30,Dortmund,Bayern Munich,0,1,A,0,1,A,asasd,13,13,5,6,9,15,4,3,2,2,0,0
D1,26/05/2020,19:30,Ein Frankfurt,Freiburg,3,3,D,1,1,D,asasd,35,10,16,5,14,9,9,2,4,1,0,0
D1,26/05/2020,19:30,Leverkusen,Wolfsburg,1,4,A,0,1,A,asasd,10,14,2,9,10,16,12,6,3,3,0,0
D1,26/05/2020,19:30,Werder Bremen,M'gladbach,0,0,D,0,0,D,asasd,12,8,7,4,14,11,8,5,2,1,0,0
D1,27/05/2020,17:30,RB Leipzig,Hertha,2,2,D,1,1,D,asasd,11,13,5,4,12,19,4,7,2,3,1,0
D1,27/05/2020,19:30,Augsburg,Paderborn,0,0,D,0,0,D,asasd,12,15,3,3,7,14,6,6,1,1,0,0
D1,27/05/2020,19:30,Fortuna Dusseldorf,Schalke 04,2,1,H,0,0,D,asasd,13,7,8,2,10,13,7,2,3,2,0,0
D1,27/05/2020,19:30,Hoffenheim,FC Koln,3,1,H,1,0,H,asasd,8,15,6,5,12,8,0,10,6,1,1,1
D1,27/05/2020,19:30,Union Berlin,Mainz,1,1,D,1,1,D,asasd,9,10,4,2,17,18,6,6,4,2,1,0
D1,29/05/2020,19:30,Freiburg,Leverkusen,0,1,A,0,0,D,asasd,9,7,1,1,8,13,6,6,0,2,0,0
D1,30/05/2020,14:30,Hertha,Augsburg,2,0,H,1,0,H,asasd,12,8,6,2,19,7,7,8,3,3,0,0
D1,30/05/2020,14:30,Mainz,Hoffenheim,0,1,A,0,1,A,asasd,18,13,2,6,18,14,10,7,4,3,0,0
D1,30/05/2020,14:30,Schalke 04,Werder Bremen,0,1,A,0,1,A,asasd,12,6,1,2,19,16,4,8,5,3,0,0
D1,30/05/2020,14:30,Wolfsburg,Ein Frankfurt,1,2,A,0,1,A,asasd,19,6,4,3,18,16,4,3,4,6,0,1
D1,30/05/2020,17:30,Bayern Munich,Fortuna Dusseldorf,5,0,H,3,0,H,asasd,23,7,8,2,9,10,7,2,0,2,0,0
D1,31/05/2020,14:30,M'gladbach,Union Berlin,4,1,H,2,0,H,asasd,16,13,10,5,13,9,4,3,3,2,0,0
D1,31/05/2020,17:00,Paderborn,Dortmund,1,6,A,0,0,D,asasd,10,16,1,11,4,6,2,8,2,3,0,0
D1,1/6/2020,19:30,FC Koln,RB Leipzig,2,4,A,1,2,A,asasd,7,19,5,8,16,7,4,7,2,1,0,0
D1,3/6/2020,19:30,Werder Bremen,Ein Frankfurt,0,3,A,0,0,D,asasd,11,12,3,4,14,21,5,6,2,1,0,0
D1,5/6/2020,19:30,Freiburg,M'gladbach,1,0,H,0,0,D,asasd,16,18,6,4,14,14,3,10,4,3,0,1
D1,6/6/2020,14:30,Ein Frankfurt,Mainz,0,2,A,0,1,A,asasd,10,17,0,5,17,15,7,5,3,3,0,0
D1,6/6/2020,14:30,Fortuna Dusseldorf,Hoffenheim,2,2,D,1,1,D,asasd,23,8,4,5,12,15,7,1,4,4,0,1
D1,6/6/2020,14:30,Leverkusen,Bayern Munich,2,4,A,1,3,A,asasd,10,16,6,10,14,4,6,4,3,3,0,0
D1,6/6/2020,14:30,RB Leipzig,Paderborn,1,1,D,1,0,H,asasd,12,17,5,5,11,14,7,9,2,4,1,0
D1,6/6/2020,17:30,Dortmund,Hertha,1,0,H,0,0,D,asasd,12,5,3,2,7,11,6,0,0,2,0,0
D1,7/6/2020,12:30,Werder Bremen,Wolfsburg,0,1,A,0,0,D,asasd,14,18,4,3,17,13,5,4,3,3,0,0
D1,7/6/2020,14:30,Union Berlin,Schalke 04,1,1,D,1,1,D,asasd,12,5,6,1,19,13,9,4,3,1,0,0
D1,7/6/2020,17:00,Augsburg,FC Koln,1,1,D,0,0,D,asasd,18,9,5,2,13,21,9,2,1,3,0,0
D1,12/6/2020,19:30,Hoffenheim,RB Leipzig,0,2,A,0,2,A,asasd,22,14,7,7,15,18,9,1,2,2,0,0
D1,13/06/2020,14:30,FC Koln,Union Berlin,1,2,A,0,1,A,asasd,10,7,6,5,18,17,4,6,3,0,0,0
D1,13/06/2020,14:30,Fortuna Dusseldorf,Dortmund,0,1,A,0,0,D,asasd,6,5,4,3,6,15,6,1,1,3,0,0
D1,13/06/2020,14:30,Hertha,Ein Frankfurt,1,4,A,1,0,H,asasd,4,18,3,7,14,7,1,5,2,2,1,0
D1,13/06/2020,14:30,Paderborn,Werder Bremen,1,5,A,0,3,A,asasd,20,11,8,8,17,18,11,2,6,3,0,0
D1,13/06/2020,14:30,Wolfsburg,Freiburg,2,2,D,2,1,H,asasd,22,10,7,6,17,11,6,5,0,1,0,0
D1,13/06/2020,17:30,Bayern Munich,M'gladbach,2,1,H,1,1,D,asasd,11,9,6,2,13,10,3,1,0,2,0,0
D1,14/06/2020,14:30,Mainz,Augsburg,0,1,A,0,1,A,asasd,18,9,4,3,8,14,9,5,2,4,0,0
D1,14/06/2020,17:00,Schalke 04,Leverkusen,1,1,D,0,0,D,asasd,7,15,4,5,14,7,1,9,4,1,0,0
D1,16/06/2020,17:30,M'gladbach,Wolfsburg,3,0,H,2,0,H,asasd,11,12,3,2,15,17,5,3,1,4,0,0
D1,16/06/2020,19:30,Freiburg,Hertha,2,1,H,0,0,D,asasd,17,12,6,5,6,16,5,5,0,2,0,0
D1,16/06/2020,19:30,Union Berlin,Paderborn,1,0,H,1,0,H,asasd,14,10,6,2,17,16,1,5,0,0,0,0
D1,16/06/2020,19:30,Werder Bremen,Bayern Munich,0,1,A,0,1,A,asasd,6,13,1,4,9,13,0,10,2,3,0,1
D1,17/06/2020,17:30,Ein Frankfurt,Schalke 04,2,1,H,1,0,H,asasd,14,8,4,5,9,16,5,3,3,5,0,1
D1,17/06/2020,19:30,Augsburg,Hoffenheim,1,3,A,0,0,D,asasd,12,17,5,5,10,14,6,4,2,1,0,0
D1,17/06/2020,19:30,Dortmund,Mainz,0,2,A,0,1,A,asasd,15,10,5,6,14,13,7,1,6,3,0,0
D1,17/06/2020,19:30,Leverkusen,FC Koln,3,1,H,2,0,H,asasd,13,7,6,1,12,16,7,3,2,2,0,0
D1,17/06/2020,19:30,RB Leipzig,Fortuna Dusseldorf,2,2,D,0,0,D,asasd,14,12,5,2,7,7,5,2,1,0,0,0
D1,20/06/2020,14:30,Bayern Munich,Freiburg,3,1,H,3,1,H,asasd,23,11,8,3,13,8,8,2,0,0,0,0
D1,20/06/2020,14:30,FC Koln,Ein Frankfurt,1,1,D,1,0,H,asasd,4,9,2,2,8,15,5,9,1,2,0,0
D1,20/06/2020,14:30,Fortuna Dusseldorf,Augsburg,1,1,D,1,1,D,asasd,8,11,4,3,14,12,5,3,1,0,0,0
D1,20/06/2020,14:30,Hertha,Leverkusen,2,0,H,1,0,H,asasd,13,12,5,2,14,15,5,4,4,3,0,0
D1,20/06/2020,14:30,Hoffenheim,Union Berlin,4,0,H,3,0,H,asasd,15,5,8,1,10,15,6,4,1,3,0,0
D1,20/06/2020,14:30,Mainz,Werder Bremen,3,1,H,2,0,H,asasd,21,19,12,6,12,15,7,8,2,3,0,0
D1,20/06/2020,14:30,Paderborn,M'gladbach,1,3,A,0,1,A,asasd,11,22,1,10,11,13,3,5,4,2,1,0
D1,20/06/2020,14:30,RB Leipzig,Dortmund,0,2,A,0,1,A,asasd,16,11,5,7,13,7,4,1,3,3,0,0
D1,20/06/2020,14:30,Schalke 04,Wolfsburg,1,4,A,0,1,A,asasd,10,10,3,5,12,16,2,4,4,3,0,0
D1,27/06/2020,14:30,Augsburg,RB Leipzig,1,2,A,0,1,A,asasd,5,14,1,5,11,10,2,8,4,1,0,0
D1,27/06/2020,14:30,Dortmund,Hoffenheim,0,4,A,0,2,A,asasd,7,15,4,7,7,5,2,5,1,0,0,0
D1,27/06/2020,14:30,Ein Frankfurt,Paderborn,3,2,H,2,0,H,asasd,12,16,4,5,13,3,6,2,0,1,0,0
D1,27/06/2020,14:30,Freiburg,Schalke 04,4,0,H,2,0,H,asasd,15,21,8,5,14,5,1,5,1,0,0,0
D1,27/06/2020,14:30,Leverkusen,Mainz,1,0,H,1,0,H,asasd,13,6,2,1,10,10,11,4,1,1,0,0
D1,27/06/2020,14:30,M'gladbach,Hertha,2,1,H,1,0,H,asasd,22,4,8,2,7,15,3,3,1,2,0,0
D1,27/06/2020,14:30,Union Berlin,Fortuna Dusseldorf,3,0,H,1,0,H,asasd,11,25,7,4,15,6,6,10,0,1,0,0
D1,27/06/2020,14:30,Werder Bremen,FC Koln,6,1,H,3,0,H,asasd,18,6,9,2,22,16,7,5,1,2,0,0
D1,27/06/2020,14:30,Wolfsburg,Bayern Munich,0,4,A,0,2,A,asasd,11,17,4,11,13,9,3,6,3,0,1,0
